created_at,entry_id,temperatura_ambiente,humedad_ambiente,temperatura_suelo,humedad_suelo,latitude,longitude,elevation,status
2024-10-23T03:00:13+00:00,184,23.4,64,20.75,100,,,,
2024-10-23T03:00:29+00:00,185,23.4,64,20.81,0,,,,
2024-10-23T03:00:46+00:00,186,23.4,64,20.75,33,,,,
2024-10-23T03:01:02+00:00,187,23.4,64,20.75,38,,,,
2024-10-23T03:01:20+00:00,188,23.4,64,20.75,41,,,,
2024-10-23T03:01:36+00:00,189,23.4,64,20.75,100,,,,
2024-10-23T03:01:52+00:00,190,23.4,64,20.81,58,,,,
2024-10-23T03:02:09+00:00,191,23.4,64,20.81,58,,,,
2024-10-23T03:02:25+00:00,192,23.4,64,20.81,52,,,,
2024-10-23T03:02:42+00:00,193,23.4,64,20.75,10,,,,
2024-10-23T03:03:01+00:00,194,23.4,64,21.06,0,,,,
2024-10-23T03:03:39+00:00,195,23.4,63,24.25,0,,,,
2024-10-23T03:03:55+00:00,196,23.4,63,24.69,0,,,,
2024-10-23T03:04:12+00:00,197,23.4,63,21.56,0,,,,
2024-10-23T03:04:28+00:00,198,23.4,63,21.19,100,,,,
2024-10-23T03:04:44+00:00,199,23.4,63,21.12,0,,,,
2024-10-23T03:05:00+00:00,200,23.4,63,21.94,0,,,,
2024-10-23T03:06:06+00:00,201,23.4,64,21.87,0,,,,
2024-10-23T03:06:23+00:00,202,23.4,64,21.75,0,,,,
2024-10-23T03:06:39+00:00,203,23.4,64,21.75,0,,,,
2024-10-23T03:06:57+00:00,204,23.4,64,21.69,0,,,,
2024-10-23T03:07:14+00:00,205,23.4,64,21.56,0,,,,
2024-10-23T03:07:30+00:00,206,23.4,64,21.69,0,,,,
2024-10-23T03:07:46+00:00,207,23.4,63,21.69,0,,,,
2024-10-23T03:08:03+00:00,208,23.4,63,21.56,0,,,,
2024-10-23T03:08:19+00:00,209,23.4,63,21.56,0,,,,
2024-10-23T03:08:35+00:00,210,23.4,63,21.56,0,,,,
2024-10-23T03:08:51+00:00,211,23.4,64,21.62,0,,,,
2024-10-23T21:27:00+00:00,212,23.8,63,22.25,100,,,,
2024-10-23T21:27:16+00:00,213,23.8,65,22.44,100,,,,
2024-10-23T21:27:32+00:00,214,23.8,67,22.62,100,,,,
2024-10-23T21:27:48+00:00,215,23.8,67,22.69,100,,,,
2024-10-23T21:28:05+00:00,216,23.8,66,22.62,100,,,,
2024-10-23T21:28:21+00:00,217,23.8,66,22.69,100,,,,
2024-10-23T21:28:39+00:00,218,23.8,68,22.69,100,,,,
2024-10-23T21:28:55+00:00,219,24.1,69,22.69,91,,,,
2024-10-23T21:29:12+00:00,220,24.1,69,22.31,90,,,,
2024-10-23T21:29:28+00:00,221,24.1,69,22.25,90,,,,
2024-10-23T21:29:44+00:00,222,24.1,69,22.25,91,,,,
2024-10-23T21:30:00+00:00,223,24.1,69,22.19,91,,,,
2024-10-23T21:30:16+00:00,224,24.1,71,22.19,92,,,,
2024-10-23T21:30:32+00:00,225,24.1,71,22.19,92,,,,
2024-10-23T21:30:48+00:00,226,24.1,71,22.13,92,,,,
2024-10-23T21:31:04+00:00,227,24.1,70,22.19,93,,,,
2024-10-23T21:31:20+00:00,228,24.1,69,22.19,93,,,,
2024-10-23T21:31:36+00:00,229,24.1,68,22.13,94,,,,
2024-10-23T21:31:52+00:00,230,24.1,68,22.13,94,,,,
2024-10-23T21:32:08+00:00,231,24.1,69,22.13,95,,,,
2024-10-23T21:32:25+00:00,232,24.1,68,22.13,95,,,,
2024-10-23T21:32:42+00:00,233,24.1,69,22.13,96,,,,
2024-10-23T21:32:58+00:00,234,24.1,68,22.13,96,,,,
2024-10-23T21:33:14+00:00,235,24.1,69,22.13,96,,,,
2024-10-23T21:33:30+00:00,236,24.1,69,22.13,96,,,,
2024-10-23T21:33:46+00:00,237,24.1,69,22.06,97,,,,
2024-10-23T21:34:02+00:00,238,24.1,69,22.13,97,,,,
2024-10-23T21:34:19+00:00,239,24.1,69,22.13,97,,,,
2024-10-23T21:34:35+00:00,240,23.9,69,22.06,97,,,,
2024-10-23T21:34:51+00:00,241,23.8,69,22.13,98,,,,
2024-10-23T21:35:07+00:00,242,23.8,69,22.06,98,,,,
2024-10-23T21:35:23+00:00,243,23.8,70,22.06,98,,,,
2024-10-23T21:35:39+00:00,244,23.8,69,22.06,98,,,,
2024-10-23T21:35:56+00:00,245,23.8,69,22,99,,,,
2024-10-23T21:36:12+00:00,246,23.8,69,22.06,99,,,,
2024-10-23T21:36:28+00:00,247,23.8,69,22.06,99,,,,
2024-10-23T21:36:44+00:00,248,23.8,70,22.06,99,,,,
2024-10-23T21:37:00+00:00,249,23.8,70,22.06,100,,,,
2024-10-23T21:37:16+00:00,250,23.8,69,22,100,,,,
2024-10-23T21:37:32+00:00,251,23.8,69,22,100,,,,
2024-10-23T21:37:48+00:00,252,23.8,69,22,100,,,,
2024-10-23T21:38:04+00:00,253,23.8,70,21.87,68,,,,
2024-10-23T21:38:20+00:00,254,23.9,70,21.75,95,,,,
2024-10-23T21:38:36+00:00,255,24.1,70,21.81,94,,,,
2024-10-23T21:38:52+00:00,256,24.1,71,21.44,94,,,,
2024-10-23T21:39:09+00:00,257,24.1,70,21.5,94,,,,
2024-10-24T23:42:45+00:00,258,23.4,62,20.88,100,,,,
2024-10-24T23:43:01+00:00,259,23.4,63,20.19,97,,,,
2024-10-24T23:43:17+00:00,260,23.4,63,20.12,96,,,,
2024-10-24T23:43:33+00:00,261,23.4,63,20.06,49,,,,
2024-10-24T23:43:49+00:00,262,23.4,62,19.87,46,,,,
2024-10-24T23:44:05+00:00,263,23.4,64,20,45,,,,
2024-10-24T23:44:21+00:00,264,24.1,64,20.12,34,,,,
2024-10-24T23:44:37+00:00,265,24.1,62,20.12,34,,,,
2024-10-24T23:44:54+00:00,266,24.1,61,20.12,33,,,,
2024-10-24T23:45:10+00:00,267,24.1,61,20.12,32,,,,
2024-10-24T23:45:26+00:00,268,23.8,60,20.12,31,,,,
2024-10-24T23:45:42+00:00,269,23.8,60,20.12,31,,,,
2024-10-24T23:45:58+00:00,270,23.8,61,20.12,31,,,,
2024-10-24T23:46:14+00:00,271,23.8,61,20,64,,,,
2024-10-24T23:46:31+00:00,272,23.8,61,19.81,52,,,,
2024-10-24T23:46:47+00:00,273,23.4,61,19.87,45,,,,
2024-10-24T23:47:03+00:00,274,23.4,61,22.25,42,,,,
2024-10-24T23:47:19+00:00,275,23.4,61,22.69,38,,,,
2024-10-24T23:47:35+00:00,276,23.4,61,21.62,36,,,,
2024-10-24T23:47:51+00:00,277,23.4,61,21.25,34,,,,
2024-10-24T23:48:07+00:00,278,23.4,61,21,32,,,,
2024-10-24T23:48:23+00:00,279,23,61,20.81,31,,,,
2024-10-24T23:48:40+00:00,280,23,61,20.69,31,,,,
2024-10-24T23:48:56+00:00,281,23,61,20.56,32,,,,
2024-10-24T23:49:12+00:00,282,23,62,20.5,31,,,,
2024-10-24T23:49:28+00:00,283,23,62,20.37,30,,,,
2024-10-24T23:49:44+00:00,284,23.4,66,20.31,29,,,,
2024-10-24T23:50:00+00:00,285,23.8,62,20.25,29,,,,
2024-10-24T23:50:16+00:00,286,24.1,61,20.19,28,,,,
2024-10-24T23:50:32+00:00,287,24.1,61,20.12,30,,,,
2024-10-24T23:50:48+00:00,288,23.8,60,20.12,29,,,,
2024-10-24T23:51:04+00:00,289,23.8,60,20.12,29,,,,
2024-10-24T23:51:20+00:00,290,23.8,60,20.06,29,,,,
2024-10-24T23:51:36+00:00,291,23.8,60,20,29,,,,
2024-10-24T23:51:52+00:00,292,23.4,60,20,29,,,,
2024-10-24T23:52:08+00:00,293,23.4,61,19.94,28,,,,
2024-10-24T23:52:25+00:00,294,23.4,61,19.94,29,,,,
2024-10-24T23:52:41+00:00,295,23,61,19.94,29,,,,
2024-10-25T23:10:37+00:00,296,23.5,60,20.31,60,,,,
2024-10-25T23:10:53+00:00,297,23.7,60,20.56,55,,,,
2024-10-25T23:11:09+00:00,298,23.4,60,20.62,54,,,,
2024-10-25T23:11:25+00:00,299,23.4,59,20.62,58,,,,
2024-10-25T23:11:41+00:00,300,23.4,59,20.62,59,,,,
2024-10-25T23:11:57+00:00,301,23.4,59,20.56,58,,,,
2024-10-25T23:12:13+00:00,302,23.4,60,20.62,58,,,,
2024-10-25T23:12:30+00:00,303,23.4,60,20.56,58,,,,
2024-10-25T23:12:46+00:00,304,23.4,60,20.62,58,,,,
2024-10-25T23:13:02+00:00,305,23.4,60,20.62,59,,,,
2024-10-25T23:13:18+00:00,306,23.4,60,20.56,60,,,,
2024-10-25T23:13:34+00:00,307,23.4,61,20.62,60,,,,
2024-10-25T23:13:50+00:00,308,23.4,62,20.56,60,,,,
2024-10-25T23:14:06+00:00,309,23.4,62,20.56,61,,,,
2024-10-25T23:14:22+00:00,310,23.4,61,20.56,61,,,,
2024-10-25T23:14:38+00:00,311,23.4,61,20.56,62,,,,
2024-10-25T23:14:54+00:00,312,23.4,60,20.56,62,,,,
2024-10-25T23:15:10+00:00,313,23.4,60,20.62,63,,,,
2024-10-25T23:15:26+00:00,314,23.4,61,20.56,63,,,,
2024-10-25T23:15:43+00:00,315,23.4,60,20.56,63,,,,
2024-10-25T23:15:59+00:00,316,23.4,60,20.56,64,,,,
2024-10-25T23:16:15+00:00,317,23.4,60,20.56,64,,,,
2024-10-25T23:16:31+00:00,318,23,60,20.56,64,,,,
2024-10-25T23:16:47+00:00,319,23,60,20.56,65,,,,
2024-10-25T23:17:03+00:00,320,23,61,20.56,65,,,,
2024-10-25T23:17:19+00:00,321,23,61,20.56,66,,,,
2024-10-25T23:17:35+00:00,322,23,61,20.56,49,,,,
2024-10-25T23:17:51+00:00,323,23.4,62,20.56,48,,,,
2024-10-25T23:18:08+00:00,324,23.4,62,20.56,48,,,,
2024-10-25T23:18:24+00:00,325,23.4,61,20.56,47,,,,
2024-10-25T23:18:40+00:00,326,23.1,61,20.56,46,,,,
2024-10-25T23:18:56+00:00,327,23,61,20.56,47,,,,
2024-10-25T23:19:12+00:00,328,23,61,20.5,47,,,,
2024-10-25T23:19:28+00:00,329,23,61,20.5,47,,,,
2024-10-25T23:19:44+00:00,330,23,61,20.56,47,,,,
2024-10-25T23:20:00+00:00,331,23,61,20.5,48,,,,
2024-10-25T23:20:16+00:00,332,23,61,20.5,48,,,,
2024-10-25T23:20:32+00:00,333,23,61,20.56,48,,,,
2024-10-25T23:20:48+00:00,334,23,61,20.56,48,,,,
2024-10-25T23:21:04+00:00,335,23,61,20.5,48,,,,
2024-10-25T23:21:20+00:00,336,23,61,20.56,48,,,,
2024-10-25T23:21:36+00:00,337,23,61,20.56,48,,,,
2024-10-25T23:21:52+00:00,338,23,61,20.56,48,,,,
2024-10-25T23:22:08+00:00,339,23,61,20.5,50,,,,
2024-10-25T23:22:24+00:00,340,23,61,20.5,50,,,,
2024-10-25T23:22:40+00:00,341,23,61,20.44,50,,,,
2024-10-25T23:22:56+00:00,342,23,61,20.5,50,,,,
2024-10-25T23:23:13+00:00,343,23,61,20.44,50,,,,
2024-10-25T23:23:29+00:00,344,23,61,20.5,50,,,,
2024-10-25T23:23:45+00:00,345,23,61,20.5,50,,,,
2024-10-25T23:24:01+00:00,346,23,61,20.5,50,,,,
2024-10-25T23:24:17+00:00,347,23,61,20.5,50,,,,
2024-10-25T23:24:33+00:00,348,23,61,20.5,50,,,,
2024-10-25T23:24:49+00:00,349,23,61,20.56,50,,,,
2024-10-25T23:25:05+00:00,350,23,61,20.5,50,,,,
2024-10-25T23:25:21+00:00,351,23,61,20.5,50,,,,
2024-10-25T23:25:37+00:00,352,23,61,20.5,50,,,,
2024-10-25T23:25:53+00:00,353,23,61,20.5,50,,,,
2024-10-25T23:26:09+00:00,354,23,61,20.5,50,,,,
2024-10-25T23:26:25+00:00,355,23,61,20.5,50,,,,
2024-10-25T23:26:41+00:00,356,23,61,20.5,50,,,,
2024-10-27T05:42:57+00:00,357,22.6,61,18.06,81,,,,
2024-10-27T05:43:14+00:00,358,22.6,61,18.06,66,,,,
2024-10-27T05:43:30+00:00,359,22.6,61,17.94,65,,,,
2024-10-27T05:43:46+00:00,360,22.3,61,18,64,,,,
2024-10-27T05:44:02+00:00,361,22.2,61,18,63,,,,
2024-10-27T05:44:18+00:00,362,22.2,61,18,62,,,,
2024-10-27T05:44:34+00:00,363,22.2,61,17.94,61,,,,
2024-10-27T05:44:50+00:00,364,22.2,61,17.94,62,,,,
2024-10-27T05:45:07+00:00,365,22.2,61,17.87,61,,,,
2024-10-27T05:45:23+00:00,366,22.2,61,17.94,61,,,,
2024-10-27T05:45:39+00:00,367,22.2,62,17.94,61,,,,
2024-10-27T05:45:55+00:00,368,22.2,62,17.87,60,,,,
2024-10-27T05:46:11+00:00,369,22.2,62,17.87,60,,,,
2024-10-27T05:46:27+00:00,370,22.2,62,17.87,61,,,,
2024-10-27T05:46:43+00:00,371,22.2,62,17.87,60,,,,
2024-10-27T05:46:59+00:00,372,22.2,62,17.87,60,,,,
2024-10-27T05:47:16+00:00,373,22.2,62,17.81,60,,,,
2024-10-27T05:47:32+00:00,374,22.2,62,17.87,61,,,,
2024-10-27T05:47:48+00:00,375,22.2,62,17.81,61,,,,
2024-10-27T05:48:04+00:00,376,22.2,62,17.87,61,,,,
2024-10-27T05:48:20+00:00,377,22.2,62,17.81,61,,,,
2024-10-27T05:48:37+00:00,378,22.2,62,17.87,61,,,,
2024-10-27T05:48:53+00:00,379,22.2,62,17.75,61,,,,
2024-10-27T05:49:09+00:00,380,22.2,62,17.81,61,,,,
2024-10-27T05:49:25+00:00,381,22.2,62,17.81,60,,,,
2024-10-27T05:49:41+00:00,382,21.9,62,17.81,60,,,,
2024-10-27T05:49:58+00:00,383,21.8,62,17.75,60,,,,
2024-10-27T05:50:14+00:00,384,21.8,62,17.75,60,,,,
2024-10-27T05:50:30+00:00,385,21.8,62,17.81,60,,,,
2024-10-27T05:50:46+00:00,386,21.8,62,17.81,60,,,,
2024-10-27T05:51:02+00:00,387,21.8,62,17.81,60,,,,
2024-10-27T05:51:18+00:00,388,21.8,62,17.81,60,,,,
2024-10-27T05:51:34+00:00,389,21.8,62,17.81,60,,,,
2024-10-27T05:51:50+00:00,390,21.8,62,17.81,61,,,,
2024-10-27T05:52:07+00:00,391,21.8,62,17.81,61,,,,
2024-10-27T05:52:23+00:00,392,21.8,62,17.81,61,,,,
2024-10-27T05:52:39+00:00,393,21.8,62,17.81,61,,,,
2024-10-27T05:52:55+00:00,394,21.8,62,17.87,62,,,,
2024-10-27T05:53:11+00:00,395,21.8,62,17.81,62,,,,
2024-10-27T05:53:27+00:00,396,21.8,62,17.81,62,,,,
2024-10-27T05:53:44+00:00,397,21.8,62,17.81,62,,,,
2024-10-27T05:54:00+00:00,398,21.8,62,17.81,62,,,,
2024-10-27T05:54:16+00:00,399,21.8,62,17.81,62,,,,
2024-10-27T05:54:32+00:00,400,21.8,62,17.81,62,,,,
2024-10-27T05:54:48+00:00,401,21.8,62,17.81,62,,,,
2024-10-27T05:55:04+00:00,402,21.8,62,17.81,62,,,,
2024-10-27T05:55:20+00:00,403,21.8,62,17.81,62,,,,
2024-10-27T05:55:36+00:00,404,21.8,62,17.87,61,,,,
2024-10-27T05:55:53+00:00,405,21.8,62,17.94,61,,,,
2024-10-27T05:56:09+00:00,406,21.8,62,17.87,61,,,,
2024-10-27T05:56:25+00:00,407,21.8,63,17.87,61,,,,
2024-10-27T05:56:41+00:00,408,23,77,17.87,61,,,,
2024-10-27T05:56:57+00:00,409,24.1,72,17.87,61,,,,
2024-10-27T05:57:13+00:00,410,24.5,65,17.87,61,,,,
2024-10-28T00:10:28+00:00,411,23.4,63,20.88,10,,,,
2024-10-28T00:10:44+00:00,412,23.4,63,20.75,65,,,,
2024-10-28T00:11:01+00:00,413,23.4,63,20.56,65,,,,
2024-10-28T00:11:17+00:00,414,23.4,63,20.56,35,,,,
2024-10-28T00:11:33+00:00,415,23.4,63,22.37,32,,,,
2024-10-28T00:11:49+00:00,416,23.4,63,21.31,59,,,,
2024-10-28T00:12:05+00:00,417,23.4,63,21.19,57,,,,
2024-10-28T00:12:21+00:00,418,23.4,63,21.06,56,,,,
2024-10-28T00:12:37+00:00,419,23.4,63,21,56,,,,
2024-10-28T00:12:53+00:00,420,23.4,63,20.94,56,,,,
2024-10-28T00:13:10+00:00,421,23.8,63,20.88,57,,,,
2024-10-28T00:13:26+00:00,422,23.8,63,20.62,0,,,,
2024-10-28T00:13:42+00:00,423,23.8,62,22.44,0,,,,
2024-10-28T00:13:59+00:00,424,23.8,62,22.75,0,,,,
2024-10-28T00:14:16+00:00,425,23.8,63,22.75,0,,,,
2024-10-28T00:14:33+00:00,426,23.8,63,22.87,0,,,,
2024-10-28T00:14:49+00:00,427,23.8,62,22.69,0,,,,
2024-10-28T00:15:05+00:00,428,24.1,62,22.56,0,,,,
2024-10-28T00:15:22+00:00,429,24.1,63,22.44,45,,,,
2024-10-28T00:15:38+00:00,430,24.5,65,21.44,50,,,,
2024-10-28T00:15:55+00:00,431,24.8,64,21.12,50,,,,
2024-10-28T00:16:11+00:00,432,24.8,61,20.94,50,,,,
2024-10-28T00:16:27+00:00,433,24.8,60,20.88,50,,,,
2024-10-28T00:16:43+00:00,434,24.8,59,20.81,51,,,,
2024-10-28T00:16:59+00:00,435,24.8,59,20.75,51,,,,
2024-10-28T00:17:15+00:00,436,24.8,60,20.75,51,,,,
2024-10-28T00:17:31+00:00,437,24.8,59,20.75,51,,,,
2024-10-28T00:17:47+00:00,438,24.5,59,20.69,51,,,,
2024-10-28T00:18:03+00:00,439,24.5,59,20.69,52,,,,
2024-10-28T00:18:19+00:00,440,24.5,59,20.62,53,,,,
2024-10-28T00:18:36+00:00,441,24.5,59,20.69,53,,,,
2024-10-28T00:18:52+00:00,442,24.1,60,20.62,53,,,,
2024-10-28T00:19:08+00:00,443,24.1,60,20.56,53,,,,
2024-10-28T00:19:25+00:00,444,24.1,60,20.62,53,,,,
2024-10-28T00:19:41+00:00,445,24.1,60,20.56,54,,,,
2024-10-28T00:19:57+00:00,446,24.1,60,20.56,54,,,,
2024-10-28T00:20:13+00:00,447,24.1,61,20.56,55,,,,
2024-10-28T00:20:30+00:00,448,23.8,61,20.56,54,,,,
2024-10-28T00:20:46+00:00,449,23.8,61,20.56,55,,,,
2024-10-28T00:21:02+00:00,450,23.8,61,20.56,54,,,,
2024-10-28T00:21:18+00:00,451,23.8,61,20.5,55,,,,
2024-10-28T00:21:37+00:00,452,23.8,62,20.5,55,,,,
2024-10-28T00:21:53+00:00,453,23.8,62,20.5,55,,,,
2024-10-28T00:22:09+00:00,454,23.8,62,20.56,55,,,,
2024-10-28T00:22:25+00:00,455,23.8,62,20.5,55,,,,
2024-10-28T00:22:41+00:00,456,23.8,62,20.5,56,,,,
2024-10-28T00:22:58+00:00,457,23.8,62,20.5,55,,,,
2024-10-28T00:23:14+00:00,458,23.8,63,20.5,56,,,,
2024-10-28T00:23:30+00:00,459,23.8,63,20.44,56,,,,
2024-10-28T00:23:46+00:00,460,23.8,63,20.5,56,,,,
2024-10-28T00:24:02+00:00,461,23.4,63,20.44,57,,,,
2024-10-28T00:24:18+00:00,462,23.4,63,20.5,58,,,,
2024-10-28T00:24:35+00:00,463,23.4,63,20.5,58,,,,
2024-10-28T00:24:51+00:00,464,23.4,63,20.5,59,,,,
2024-10-28T00:25:07+00:00,465,23.4,63,20.44,58,,,,
2024-10-28T00:25:23+00:00,466,23.4,63,20.44,58,,,,
2024-10-28T00:25:39+00:00,467,23.4,63,20.56,58,,,,
2024-10-28T00:25:55+00:00,468,23.4,63,20.44,58,,,,
2024-10-28T00:26:12+00:00,469,23.4,62,20.44,58,,,,
2024-10-28T00:26:28+00:00,470,23.4,62,20.44,58,,,,
2024-10-28T00:26:44+00:00,471,23.4,62,20.44,58,,,,
2024-10-28T00:27:01+00:00,472,23.4,62,20.44,58,,,,
2024-10-28T00:27:17+00:00,473,23.4,62,20.44,58,,,,
2024-10-28T00:27:33+00:00,474,23.4,63,20.44,58,,,,
2024-10-28T00:27:49+00:00,475,23.4,63,20.44,57,,,,
2024-10-28T00:28:05+00:00,476,23.4,63,20.5,57,,,,
2024-10-28T00:28:21+00:00,477,23.4,63,20.44,57,,,,
2024-10-28T00:28:38+00:00,478,23.4,63,20.44,57,,,,
2024-10-28T00:28:54+00:00,479,23.4,63,20.44,57,,,,
2024-10-28T00:29:10+00:00,480,23.4,63,20.44,57,,,,
2024-10-28T00:29:26+00:00,481,23.4,63,20.44,57,,,,
2024-10-28T00:29:42+00:00,482,23.4,63,20.44,57,,,,
2024-10-28T00:29:58+00:00,483,23.4,63,20.44,58,,,,
2024-10-28T00:30:14+00:00,484,23.4,63,20.44,57,,,,
2024-10-28T00:30:30+00:00,485,23.4,63,20.44,57,,,,
2024-10-28T00:30:47+00:00,486,23.4,63,20.44,57,,,,
2024-10-28T00:31:03+00:00,487,23.4,62,20.44,57,,,,
2024-10-28T00:31:19+00:00,488,23.4,62,20.44,56,,,,
2024-10-28T00:31:35+00:00,489,23.4,63,20.44,56,,,,
2024-10-28T00:31:51+00:00,490,23.4,63,20.5,56,,,,
2024-10-28T00:32:07+00:00,491,23.4,63,20.5,56,,,,
2024-10-28T00:32:23+00:00,492,23.4,63,20.44,56,,,,
2024-10-28T00:32:40+00:00,493,23.4,63,20.5,56,,,,
2024-10-28T00:32:56+00:00,494,23.4,63,20.44,56,,,,
2024-10-28T00:33:12+00:00,495,23.4,63,20.5,56,,,,
2024-10-28T00:33:28+00:00,496,23.4,63,20.44,56,,,,
2024-10-28T00:33:44+00:00,497,23.4,62,20.5,56,,,,
2024-10-28T00:34:01+00:00,498,23.4,62,20.44,56,,,,
2024-10-28T00:34:17+00:00,499,23.4,62,20.44,56,,,,
2024-10-28T00:34:33+00:00,500,23.4,62,20.44,56,,,,
2024-10-28T00:34:49+00:00,501,23.4,62,20.5,56,,,,
2024-10-28T00:35:05+00:00,502,23.4,62,20.44,56,,,,
2024-10-28T00:35:21+00:00,503,23.4,62,20.44,56,,,,
2024-10-28T00:35:38+00:00,504,23.4,62,20.44,56,,,,
2024-10-28T00:35:54+00:00,505,23.4,62,20.44,56,,,,
2024-10-28T00:36:10+00:00,506,23.4,62,20.5,56,,,,
2024-10-28T00:36:27+00:00,507,23.4,62,20.5,56,,,,
2024-10-28T00:36:43+00:00,508,23.4,62,20.5,56,,,,
2024-10-28T00:36:59+00:00,509,23.4,62,20.56,56,,,,
2024-10-28T00:37:15+00:00,510,23.4,62,20.44,56,,,,
2024-10-28T00:37:31+00:00,511,23.4,62,20.5,56,,,,
2024-10-28T00:37:47+00:00,512,23.4,62,20.44,56,,,,
2024-10-28T00:38:04+00:00,513,23.2,62,20.44,56,,,,
2024-10-28T00:38:20+00:00,514,23.4,62,20.44,56,,,,
2024-10-28T00:38:36+00:00,515,23.2,62,20.44,56,,,,
2024-10-28T00:38:53+00:00,516,23.1,62,20.44,56,,,,
2024-10-28T00:39:09+00:00,517,23.1,62,20.5,56,,,,
2024-10-28T00:39:25+00:00,518,23.1,62,20.44,56,,,,
2024-10-28T00:39:41+00:00,519,23,62,20.5,58,,,,
2024-10-28T00:39:57+00:00,520,23,62,20.5,57,,,,
2024-10-28T00:40:14+00:00,521,23,62,20.44,57,,,,
2024-10-28T00:40:30+00:00,522,23,62,20.44,57,,,,
2024-10-28T00:40:46+00:00,523,23,62,20.44,57,,,,
2024-10-28T00:41:02+00:00,524,23,62,20.44,57,,,,
2024-10-28T00:41:18+00:00,525,23,62,20.44,56,,,,
2024-10-28T00:41:34+00:00,526,23,62,20.44,57,,,,
2024-11-07T00:25:02+00:00,527,23.8,67,18.87,0,,,,
2024-11-07T00:25:19+00:00,528,23.8,67,18.87,0,,,,
2024-11-07T00:25:35+00:00,529,23.8,67,18.94,0,,,,
2024-11-07T00:25:53+00:00,530,23.8,67,19,0,,,,
2024-11-07T00:26:10+00:00,531,23.8,67,19,0,,,,
2024-11-07T00:26:26+00:00,532,23.8,67,19,0,,,,
2024-11-07T00:26:43+00:00,533,23.8,67,18.94,0,,,,
2024-11-07T00:27:00+00:00,534,23.8,67,19,0,,,,
2024-11-07T00:27:17+00:00,535,23.8,67,19.06,0,,,,
2024-11-07T00:27:33+00:00,536,23.8,67,19.06,0,,,,
2024-11-07T00:27:50+00:00,537,23.8,67,19.06,0,,,,
2024-11-07T00:28:06+00:00,538,23.8,67,19.06,0,,,,
2024-11-07T00:28:22+00:00,539,23.8,67,19.12,0,,,,
2024-11-07T00:28:39+00:00,540,23.8,67,19.12,0,,,,
2024-11-07T00:28:55+00:00,541,24.1,67,19.19,0,,,,
2024-11-07T00:29:12+00:00,542,24.1,67,19.12,0,,,,
2024-11-07T00:29:29+00:00,543,24.1,66,19.25,12,,,,
2024-11-07T00:29:45+00:00,544,24.1,67,19.69,12,,,,
2024-11-07T00:30:02+00:00,545,24.1,67,19.75,12,,,,
2024-11-07T00:30:19+00:00,546,24.1,68,19.87,11,,,,
2024-11-07T00:30:36+00:00,547,24.1,68,20,10,,,,
2024-11-07T00:30:52+00:00,548,24.1,67,20,10,,,,
2024-11-07T00:31:08+00:00,549,24.1,67,20,10,,,,
2024-11-07T00:31:25+00:00,550,24.1,67,20.06,9,,,,
2024-11-07T00:31:43+00:00,551,24.1,67,20.12,10,,,,
2024-11-07T00:31:59+00:00,552,24.1,66,20.19,12,,,,
2024-11-07T00:32:16+00:00,553,24.1,66,20.12,13,,,,
2024-11-07T00:32:35+00:00,554,24.1,66,20.12,13,,,,
2024-11-07T00:32:51+00:00,555,24.1,66,20.12,13,,,,
2024-11-07T00:33:07+00:00,556,24.1,65,20.12,13,,,,
2024-11-07T00:33:24+00:00,557,24.1,65,20.12,13,,,,
2024-11-07T00:33:41+00:00,558,24.1,65,20.19,13,,,,
2024-11-07T00:33:58+00:00,559,24.1,65,20.12,13,,,,
2024-11-07T00:34:14+00:00,560,24.1,65,20.12,13,,,,
2024-11-07T00:34:31+00:00,561,24.1,64,20.12,13,,,,
2024-11-07T00:34:47+00:00,562,24.1,64,20.12,13,,,,
2024-11-07T00:35:05+00:00,563,24.1,64,20.12,13,,,,
2024-11-07T00:35:21+00:00,564,24.1,64,20.12,14,,,,
2024-11-07T00:35:38+00:00,565,24.1,65,20.06,12,,,,
2024-11-07T00:35:54+00:00,566,24.1,65,20.06,12,,,,
2024-11-07T00:36:11+00:00,567,24.1,65,20.06,12,,,,
2024-11-07T00:36:28+00:00,568,24.1,65,20,12,,,,
2024-11-07T00:36:45+00:00,569,24.1,66,20,13,,,,
2024-11-07T00:37:01+00:00,570,24.1,67,19.94,12,,,,
2024-11-07T00:37:19+00:00,571,24.1,67,19.94,12,,,,
2024-11-07T00:37:37+00:00,572,24.1,66,20,13,,,,
2024-11-07T00:37:54+00:00,573,24.1,66,19.94,13,,,,
2024-11-07T00:38:15+00:00,574,24.1,67,19.94,14,,,,
2024-11-07T00:38:31+00:00,575,24.1,67,20,14,,,,
2024-11-07T00:38:48+00:00,576,24.1,67,19.94,14,,,,
2024-11-07T00:39:05+00:00,577,24.1,68,19.94,14,,,,
2024-11-07T00:39:22+00:00,578,24.1,68,19.94,14,,,,
2024-11-07T00:39:38+00:00,579,24.1,67,19.87,14,,,,
2024-11-07T00:39:54+00:00,580,24.1,66,19.94,14,,,,
2024-11-07T00:40:11+00:00,581,24.1,66,19.94,14,,,,
2024-11-07T00:40:28+00:00,582,24.1,66,19.62,14,,,,
2024-11-07T00:40:44+00:00,583,24.1,65,19.56,13,,,,
2024-11-07T00:41:01+00:00,584,24.1,66,19.44,12,,,,
2024-11-07T00:41:18+00:00,585,24.1,66,19.44,12,,,,
2024-11-07T00:41:38+00:00,586,24.1,66,19.37,11,,,,
2024-11-07T00:41:54+00:00,587,24.1,67,19.37,11,,,,
2024-11-07T00:42:11+00:00,588,24.1,68,19.37,11,,,,
2024-11-07T00:42:28+00:00,589,24.1,68,19.31,10,,,,
2024-11-07T00:42:45+00:00,590,24.1,68,19.37,10,,,,
2024-11-07T00:43:01+00:00,591,24.1,68,19.31,10,,,,
2024-11-07T00:43:18+00:00,592,24.1,68,19.31,9,,,,
2024-11-07T00:43:35+00:00,593,24.1,68,19.31,9,,,,
2024-11-07T00:43:52+00:00,594,24.1,67,19.31,9,,,,
2024-11-07T00:44:09+00:00,595,24.1,67,19.25,9,,,,
2024-11-07T00:44:25+00:00,596,24.1,66,19.25,9,,,,
2024-11-07T00:44:42+00:00,597,24.1,66,19.31,8,,,,
2024-11-07T00:44:59+00:00,598,24.1,66,19.25,8,,,,
2024-11-07T00:45:16+00:00,599,24.1,65,19.25,7,,,,
2024-11-07T00:45:33+00:00,600,24.1,65,19.25,8,,,,
2024-11-07T00:45:50+00:00,601,24.1,65,19.19,7,,,,
2024-11-07T00:46:06+00:00,602,24.1,65,19.19,8,,,,
2024-11-07T00:46:24+00:00,603,24.1,65,19.12,8,,,,
2024-11-07T00:46:40+00:00,604,24.1,65,19.19,8,,,,
2024-11-07T00:46:57+00:00,605,24.1,65,19.19,7,,,,
2024-11-07T00:51:04+00:00,606,24.1,66,19.5,0,,,,
2024-11-07T00:51:20+00:00,607,24.1,66,19.5,23,,,,
2024-11-07T00:51:37+00:00,608,24.1,66,19.44,19,,,,
2024-11-07T00:51:55+00:00,609,24.1,66,19.56,20,,,,
2024-11-07T00:52:11+00:00,610,24.1,65,19.56,20,,,,
2024-11-07T00:52:29+00:00,611,24.1,66,19.5,19,,,,
2024-11-07T00:52:46+00:00,612,24.1,65,19.56,19,,,,
2024-11-07T00:57:01+00:00,613,23.8,66,19.37,18,,,,
2024-11-07T01:01:41+00:00,614,24.1,68,19.69,36,,,,
2024-11-07T01:06:22+00:00,615,24.5,69,19.62,36,,,,
2024-11-07T01:10:57+00:00,616,24.5,69,19.62,36,,,,
2024-11-07T01:11:14+00:00,617,24.5,69,19.62,36,,,,
2024-11-07T01:11:30+00:00,618,24.5,68,19.69,36,,,,
2024-11-07T01:15:37+00:00,619,24.5,68,19.81,36,,,,
2024-11-07T01:20:26+00:00,620,24.5,71,19.87,33,,,,
2024-11-07T01:25:07+00:00,621,24.5,73,19.87,32,,,,
2024-11-07T01:25:24+00:00,622,24.5,73,19.94,32,,,,
2024-11-07T01:25:40+00:00,623,24.5,73,19.87,32,,,,
2024-11-07T01:25:58+00:00,624,24.5,73,19.94,33,,,,
2024-11-07T01:30:05+00:00,625,24.5,72,19.94,32,,,,
2024-11-07T01:30:22+00:00,626,24.5,72,19.94,32,,,,
2024-11-07T01:30:38+00:00,627,24.5,72,19.94,32,,,,
2024-11-07T01:30:56+00:00,628,24.5,71,19.94,32,,,,
2024-11-07T01:31:12+00:00,629,24.5,72,19.94,32,,,,
2024-11-07T01:31:30+00:00,630,24.5,72,19.94,32,,,,
2024-11-07T01:31:47+00:00,631,24.5,71,19.87,10,,,,
2024-11-07T01:32:05+00:00,632,24.5,72,19.94,40,,,,
2024-11-07T01:32:22+00:00,633,24.5,72,19.94,39,,,,
2024-11-07T01:32:38+00:00,634,24.5,72,19.87,38,,,,
2024-11-07T01:32:55+00:00,635,24.5,73,19.94,38,,,,
2024-11-07T01:36:56+00:00,636,24.1,69,19.87,35,,,,
2024-11-07T01:37:12+00:00,637,24.1,70,19.87,35,,,,
2024-11-07T01:37:29+00:00,638,24.1,70,19.81,35,,,,
2024-11-07T01:37:46+00:00,639,24.1,71,19.75,35,,,,
2024-11-07T01:38:02+00:00,640,24.1,72,19.81,35,,,,
2024-11-07T01:38:19+00:00,641,24.1,72,19.75,25,,,,
2024-11-07T01:42:11+00:00,642,24.1,72,19.56,19,,,,
2024-11-07T01:45:10+00:00,643,24.1,72,19.62,18,,,,
2024-11-07T01:45:26+00:00,644,24.1,71,19.62,17,,,,
2024-11-07T01:45:43+00:00,645,24.1,71,19.62,17,,,,
2024-11-07T01:45:59+00:00,646,24.1,70,19.62,17,,,,
2024-11-07T01:46:16+00:00,647,24.1,70,19.56,17,,,,
2024-11-07T01:46:33+00:00,648,24.1,70,19.56,17,,,,
2024-11-07T01:46:49+00:00,649,24.1,70,19.56,17,,,,
2024-11-07T01:47:06+00:00,650,24.1,70,19.56,17,,,,
2024-11-07T01:47:22+00:00,651,24.1,71,19.56,17,,,,
2024-11-07T01:47:38+00:00,652,24.1,71,19.56,17,,,,
2024-11-07T01:47:56+00:00,653,24.1,71,19.62,17,,,,
2024-11-07T01:48:14+00:00,654,24.1,70,19.56,17,,,,
2024-11-07T01:48:30+00:00,655,24.1,71,19.56,17,,,,
2024-11-07T01:48:48+00:00,656,24.1,71,19.56,17,,,,
2024-11-07T01:49:05+00:00,657,24.1,71,19.56,17,,,,
2024-11-07T01:49:22+00:00,658,24.1,71,19.56,17,,,,
2024-11-07T01:49:41+00:00,659,24.1,71,19.56,17,,,,
2024-11-07T01:49:58+00:00,660,24.1,71,19.56,16,,,,
2024-11-07T01:50:17+00:00,661,24.1,71,19.56,17,,,,
2024-11-07T01:50:36+00:00,662,24.1,71,19.56,16,,,,
2024-11-07T01:50:53+00:00,663,24.1,71,19.5,16,,,,
2024-11-07T01:51:10+00:00,664,24.1,71,19.56,17,,,,
2024-11-07T01:51:27+00:00,665,24.1,71,19.56,16,,,,
2024-11-07T01:51:43+00:00,666,24.1,72,19.56,16,,,,
2024-11-07T01:51:59+00:00,667,24.1,72,19.56,16,,,,
2024-11-07T01:52:16+00:00,668,24.1,73,19.56,16,,,,
2024-11-07T01:52:33+00:00,669,24.1,73,19.56,16,,,,
2024-11-07T01:52:49+00:00,670,24.1,73,19.56,16,,,,
2024-11-07T01:53:07+00:00,671,24.1,73,19.62,16,,,,
2024-11-07T01:53:25+00:00,672,24.1,73,19.56,16,,,,
2024-11-07T01:53:43+00:00,673,24.1,73,19.56,16,,,,
2024-11-07T01:54:00+00:00,674,24.1,73,19.56,16,,,,
2024-11-07T01:54:17+00:00,675,24.1,73,19.56,16,,,,
2024-11-07T01:54:35+00:00,676,24.1,73,19.56,16,,,,
2024-11-07T01:54:52+00:00,677,24.1,72,19.56,16,,,,
2024-11-07T01:55:08+00:00,678,24.1,72,19.87,47,,,,
2024-11-07T01:55:25+00:00,679,24.1,71,19.87,44,,,,
2024-11-07T01:55:42+00:00,680,24.1,71,20,44,,,,
2024-11-07T01:55:58+00:00,681,24.1,71,20,43,,,,
2024-11-07T01:56:15+00:00,682,24.1,71,20,42,,,,
2024-11-07T01:56:32+00:00,683,24.1,71,20.06,42,,,,
2024-11-07T01:56:48+00:00,684,24.1,72,20,42,,,,
2024-11-07T01:57:05+00:00,685,24.1,72,20.06,41,,,,
2024-11-07T01:57:21+00:00,686,24.1,73,20.12,41,,,,
2024-11-07T01:57:39+00:00,687,24.1,73,20.06,40,,,,
2024-11-07T01:57:56+00:00,688,24.1,73,20.06,40,,,,
2024-11-07T01:58:13+00:00,689,24.1,73,20.06,39,,,,
2024-11-07T01:58:29+00:00,690,24.1,73,20.12,40,,,,
2024-11-07T01:58:46+00:00,691,24.2,73,20.12,40,,,,
2024-11-07T01:59:03+00:00,692,24.5,73,20.12,39,,,,
2024-11-07T01:59:19+00:00,693,24.5,73,20.19,39,,,,
2024-11-07T01:59:35+00:00,694,24.5,73,20.12,39,,,,
2024-11-07T01:59:52+00:00,695,24.5,73,20.12,38,,,,
2024-11-07T02:00:09+00:00,696,24.5,73,20.12,38,,,,
2024-11-07T02:00:27+00:00,697,24.5,73,20.12,38,,,,
2024-11-07T02:00:43+00:00,698,24.5,73,20.12,37,,,,
2024-11-07T13:38:32+00:00,699,21.8,76,19.25,0,,,,
2024-11-07T13:38:49+00:00,700,22.1,77,19,0,,,,
2024-11-07T13:39:05+00:00,701,22.2,79,18.81,0,,,,
2024-11-07T13:39:22+00:00,702,22.2,81,18.56,0,,,,
2024-11-07T13:39:39+00:00,703,22.4,82,18.5,0,,,,
2024-11-07T13:39:56+00:00,704,22.6,83,18.44,0,,,,
2024-11-07T13:40:12+00:00,705,22.6,85,18.37,0,,,,
2024-11-07T13:40:29+00:00,706,22.6,85,18.25,0,,,,
2024-11-07T13:40:47+00:00,707,22.6,88,18.19,0,,,,
2024-11-07T13:41:04+00:00,708,22.6,89,18.12,0,,,,
2024-11-07T13:41:20+00:00,709,22.6,90,18.06,0,,,,
2024-11-07T13:41:39+00:00,710,22.6,92,18.06,0,,,,
2024-11-07T13:41:56+00:00,711,22.6,92,18.06,0,,,,
2024-11-07T13:42:13+00:00,712,22.6,93,17.94,0,,,,
2024-11-07T13:42:30+00:00,713,22.6,93,18.06,0,,,,
2024-11-07T13:42:46+00:00,714,22.6,93,18.06,0,,,,
2024-11-07T13:43:03+00:00,715,22.6,94,18,0,,,,
2024-11-07T13:43:20+00:00,716,22.6,94,17.94,0,,,,
2024-11-07T13:43:36+00:00,717,22.6,94,17.94,0,,,,
2024-11-07T13:43:53+00:00,718,22.6,94,17.87,0,,,,
2024-11-07T13:44:10+00:00,719,22.8,94,17.87,0,,,,
2024-11-07T13:44:27+00:00,720,23,95,18.31,0,,,,
2024-11-07T13:44:43+00:00,721,23,95,19.12,0,,,,
2024-11-07T13:45:00+00:00,722,23,95,19.69,0,,,,
2024-11-07T13:45:17+00:00,723,22.6,94,19.31,6,,,,
2024-11-07T13:45:33+00:00,724,22.6,93,19.12,43,,,,
2024-11-07T13:45:50+00:00,725,22.6,89,19.12,48,,,,
2024-11-07T13:46:06+00:00,726,22.2,86,19,48,,,,
2024-11-07T13:46:22+00:00,727,22.2,84,18.81,44,,,,
2024-11-07T13:46:39+00:00,728,22.2,81,18.69,43,,,,
2024-11-07T13:46:55+00:00,729,22.2,80,18.62,45,,,,
2024-11-07T13:47:12+00:00,730,22.2,80,18.44,45,,,,
2024-11-07T13:47:29+00:00,731,22.2,79,18.31,37,,,,
2024-11-07T13:47:45+00:00,732,22.2,77,18.25,38,,,,
2024-11-07T13:48:02+00:00,733,22.2,76,18.12,46,,,,
2024-11-07T13:48:18+00:00,734,22.2,76,18.06,38,,,,
2024-11-07T13:48:35+00:00,735,22.2,76,18,37,,,,
2024-11-07T13:48:51+00:00,736,22.2,76,17.94,45,,,,
2024-11-07T13:49:08+00:00,737,22.2,76,17.94,47,,,,
2024-11-07T13:49:24+00:00,738,22,75,17.87,45,,,,
2024-11-07T13:49:41+00:00,739,21.8,74,17.87,39,,,,
2024-11-07T13:49:58+00:00,740,21.8,73,17.94,44,,,,
2024-11-07T13:50:14+00:00,741,21.8,73,17.87,41,,,,
2024-11-07T13:50:31+00:00,742,21.8,73,17.69,45,,,,
2024-11-07T13:50:48+00:00,743,21.8,73,17.62,43,,,,
2024-11-07T13:51:05+00:00,744,21.8,73,17.62,39,,,,
2024-11-07T13:51:21+00:00,745,21.8,73,17.56,42,,,,
2024-11-07T13:51:38+00:00,746,21.8,73,17.5,39,,,,
2024-11-07T13:51:55+00:00,747,21.8,73,17.5,40,,,,
2024-11-07T13:52:11+00:00,748,21.8,73,17.56,39,,,,
2024-11-07T13:52:28+00:00,749,21.8,73,17.56,36,,,,
2024-11-07T13:52:44+00:00,750,21.8,73,17.56,45,,,,
2024-11-07T13:53:02+00:00,751,21.8,74,17.56,39,,,,
2024-11-07T13:53:18+00:00,752,21.8,74,17.56,40,,,,
2024-11-07T13:53:35+00:00,753,21.8,74,17.56,39,,,,
2024-11-07T13:53:51+00:00,754,21.8,75,17.56,36,,,,
2024-11-07T13:54:08+00:00,755,21.8,75,17.62,43,,,,
2024-11-07T13:54:24+00:00,756,21.8,75,17.56,40,,,,
2024-11-07T13:54:41+00:00,757,21.8,75,17.56,46,,,,
2024-11-07T13:54:57+00:00,758,21.8,75,17.62,45,,,,
2024-11-07T13:55:14+00:00,759,21.8,75,17.62,39,,,,
2024-11-07T13:55:30+00:00,760,21.8,75,17.56,37,,,,
2024-11-07T13:55:47+00:00,761,21.8,74,17.56,40,,,,
2024-11-07T13:56:04+00:00,762,21.8,74,17.5,36,,,,
2024-11-07T13:56:21+00:00,763,21.8,74,17.56,37,,,,
2024-11-07T13:56:37+00:00,764,21.8,74,17.56,42,,,,
2024-11-07T13:56:54+00:00,765,21.8,74,17.62,41,,,,
2024-11-07T13:57:10+00:00,766,21.8,74,17.56,45,,,,
2024-11-07T13:57:27+00:00,767,21.8,74,17.5,41,,,,
2024-11-07T13:57:44+00:00,768,21.8,73,17.56,41,,,,
2024-11-07T13:58:01+00:00,769,21.8,73,17.56,39,,,,
2024-11-07T13:58:18+00:00,770,21.8,73,17.56,43,,,,
2024-11-07T13:58:34+00:00,771,21.8,73,17.5,42,,,,
2024-11-07T13:58:51+00:00,772,21.8,73,17.5,42,,,,
2024-11-07T13:59:07+00:00,773,21.8,72,17.5,40,,,,
2024-11-07T13:59:25+00:00,774,21.8,72,17.44,40,,,,
2024-11-07T13:59:42+00:00,775,21.8,71,17.44,37,,,,
2024-11-07T14:00:00+00:00,776,21.8,71,17.5,36,,,,
2024-11-07T14:00:16+00:00,777,21.8,71,17.56,100,,,,
2024-11-07T14:00:34+00:00,778,21.8,71,17.69,97,,,,
2024-11-07T14:00:51+00:00,779,21.8,71,18.25,95,,,,
2024-11-07T14:01:08+00:00,780,21.8,71,18.62,95,,,,
2024-11-07T14:01:24+00:00,781,21.8,72,18.69,95,,,,
2024-11-07T14:01:41+00:00,782,21.8,72,18.87,28,,,,
2024-11-07T14:01:58+00:00,783,21.8,72,18.94,77,,,,
2024-11-07T14:02:14+00:00,784,21.8,72,18.94,76,,,,
2024-11-07T14:02:31+00:00,785,21.8,72,19.06,77,,,,
2024-11-07T14:02:48+00:00,786,21.8,72,19.06,77,,,,
2024-11-07T14:03:05+00:00,787,21.8,72,19.06,76,,,,
2024-11-07T14:03:21+00:00,788,21.8,72,19.06,75,,,,
2024-11-07T14:03:38+00:00,789,21.8,72,19.12,75,,,,
2024-11-07T14:03:54+00:00,790,21.8,71,19.12,75,,,,
2024-11-07T14:04:10+00:00,791,21.8,71,19.12,74,,,,
2024-11-07T14:04:27+00:00,792,21.8,71,19.06,74,,,,
2024-11-07T14:04:45+00:00,793,21.8,71,19.12,77,,,,
2024-11-07T14:05:02+00:00,794,21.8,71,19.12,74,,,,
2024-11-07T14:05:20+00:00,795,21.8,71,19.06,74,,,,
2024-11-07T14:05:36+00:00,796,21.8,70,19.06,73,,,,
2024-11-07T14:05:53+00:00,797,21.8,71,19.12,75,,,,
2024-11-07T14:06:10+00:00,798,21.8,71,19.06,72,,,,
2024-11-07T14:06:26+00:00,799,21.8,71,19.06,74,,,,
2024-11-07T14:06:43+00:00,800,21.8,71,19.06,75,,,,
2024-11-07T14:06:59+00:00,801,21.8,71,19.06,75,,,,
2024-11-07T14:07:15+00:00,802,21.8,71,18.81,73,,,,
2024-11-07T14:07:32+00:00,803,21.8,71,18.69,73,,,,
2024-11-07T14:07:49+00:00,804,21.8,72,18.5,72,,,,
2024-11-07T14:08:05+00:00,805,21.8,72,18.44,72,,,,
2024-11-07T14:08:22+00:00,806,21.8,72,18.37,73,,,,
2024-11-07T14:08:39+00:00,807,21.8,72,18.31,75,,,,
2024-11-07T14:08:55+00:00,808,21.8,72,18.25,71,,,,
2024-11-07T14:09:12+00:00,809,21.8,72,18.19,72,,,,
2024-11-07T14:09:28+00:00,810,21.8,72,18.12,74,,,,
2024-11-07T14:09:45+00:00,811,21.8,72,18.06,100,,,,
2024-11-07T14:10:02+00:00,812,21.8,72,18.06,100,,,,
2024-11-07T14:10:19+00:00,813,21.8,73,18,97,,,,
2024-11-07T14:10:35+00:00,814,21.8,73,18,98,,,,
2024-11-07T14:10:52+00:00,815,21.8,73,18,95,,,,
2024-11-07T14:11:08+00:00,816,21.8,73,17.94,96,,,,
2024-11-07T14:11:25+00:00,817,21.8,72,17.94,100,,,,
2024-11-07T14:11:41+00:00,818,21.8,72,17.87,100,,,,
2024-11-07T14:11:58+00:00,819,21.8,72,17.81,100,,,,
2024-11-07T14:12:14+00:00,820,21.8,72,17.81,100,,,,
2024-11-07T14:12:31+00:00,821,21.8,72,17.75,100,,,,
2024-11-07T14:12:48+00:00,822,21.8,72,17.81,100,,,,
2024-11-07T14:13:04+00:00,823,21.8,72,17.75,100,,,,
2024-11-07T14:13:22+00:00,824,21.8,72,17.75,100,,,,
2024-11-07T14:13:38+00:00,825,21.8,72,17.75,100,,,,
2024-11-07T14:13:55+00:00,826,21.8,73,17.75,100,,,,
2024-11-07T14:14:11+00:00,827,21.8,72,17.75,100,,,,
2024-11-07T14:14:28+00:00,828,21.8,72,17.75,100,,,,
2024-11-07T14:14:44+00:00,829,21.8,72,17.75,100,,,,
2024-11-07T14:15:01+00:00,830,21.8,72,17.75,100,,,,
2024-11-07T14:15:18+00:00,831,21.8,72,17.75,100,,,,
2024-11-07T14:15:35+00:00,832,21.8,72,17.75,100,,,,
2024-11-07T14:15:51+00:00,833,21.8,72,17.75,100,,,,
2024-11-07T14:16:07+00:00,834,21.8,72,17.69,100,,,,
2024-11-07T14:16:25+00:00,835,21.8,72,17.69,100,,,,
2024-11-07T14:16:41+00:00,836,21.8,72,17.69,100,,,,
2024-11-07T14:16:58+00:00,837,21.8,72,17.69,100,,,,
2024-11-07T14:17:14+00:00,838,21.8,71,17.62,100,,,,
2024-11-07T14:17:31+00:00,839,21.8,71,17.69,100,,,,
2024-11-07T14:17:48+00:00,840,21.8,72,17.69,100,,,,
2024-11-07T14:18:04+00:00,841,21.8,72,17.62,100,,,,
2024-11-07T14:18:21+00:00,842,21.8,72,17.62,100,,,,
2024-11-07T14:18:38+00:00,843,21.8,72,17.69,100,,,,
2024-11-07T14:18:55+00:00,844,21.8,71,17.69,100,,,,
2024-11-07T14:19:11+00:00,845,21.8,71,17.62,100,,,,
2024-11-07T14:19:28+00:00,846,21.8,71,17.69,100,,,,
2024-11-07T14:19:44+00:00,847,21.8,71,17.69,100,,,,
2024-11-07T14:20:01+00:00,848,21.8,71,17.69,100,,,,
2024-11-07T14:20:17+00:00,849,21.8,71,17.69,100,,,,
2024-11-07T14:20:34+00:00,850,21.8,71,17.69,100,,,,
2024-11-07T14:20:50+00:00,851,21.8,71,17.69,100,,,,
2024-11-07T14:21:08+00:00,852,21.8,71,17.69,100,,,,
2024-11-07T14:21:24+00:00,853,21.8,71,17.62,100,,,,
2024-11-07T14:21:41+00:00,854,21.8,71,17.69,100,,,,
2024-11-07T14:21:57+00:00,855,21.8,71,17.62,100,,,,
2024-11-07T14:22:14+00:00,856,21.8,71,17.62,100,,,,
2024-11-07T14:22:31+00:00,857,21.8,71,17.62,100,,,,
2024-11-07T14:22:47+00:00,858,21.8,71,17.62,100,,,,
2024-11-07T14:23:04+00:00,859,21.8,71,17.62,100,,,,
2024-11-07T14:23:20+00:00,860,21.8,71,17.62,100,,,,
2024-11-07T14:23:37+00:00,861,21.8,71,17.62,100,,,,
2024-11-07T14:23:53+00:00,862,21.8,71,17.62,100,,,,
2024-11-07T14:24:10+00:00,863,21.8,71,17.62,100,,,,
2024-11-07T14:24:26+00:00,864,21.8,71,17.62,100,,,,
2024-11-07T14:24:43+00:00,865,21.8,71,17.62,100,,,,
2024-11-07T14:24:59+00:00,866,21.8,71,17.62,100,,,,
2024-11-07T14:25:16+00:00,867,21.8,71,17.62,100,,,,
2024-11-07T14:25:33+00:00,868,21.8,71,17.62,100,,,,
2024-11-07T14:25:49+00:00,869,21.8,71,17.62,100,,,,
2024-11-07T14:26:06+00:00,870,21.8,71,17.69,100,,,,
2024-11-07T14:26:23+00:00,871,21.8,70,17.62,100,,,,
2024-11-07T14:26:39+00:00,872,21.8,71,17.56,100,,,,
2024-11-07T14:26:56+00:00,873,21.8,71,17.56,100,,,,
2024-11-07T14:27:12+00:00,874,21.8,71,17.5,100,,,,
2024-11-07T14:27:29+00:00,875,21.8,71,17.56,100,,,,
2024-11-07T14:27:46+00:00,876,21.8,70,18.19,58,,,,
2024-11-07T14:28:02+00:00,877,21.8,69,18.69,59,,,,
2024-11-07T14:28:19+00:00,878,21.8,69,18.75,60,,,,
2024-11-07T14:28:36+00:00,879,21.8,69,18.81,57,,,,
2024-11-07T14:28:52+00:00,880,21.8,69,18.87,59,,,,
2024-11-07T14:29:09+00:00,881,21.8,68,18.87,59,,,,
2024-11-07T14:29:25+00:00,882,21.8,68,18.87,60,,,,
2024-11-07T14:29:42+00:00,883,21.8,68,18.94,57,,,,
2024-11-07T14:29:59+00:00,884,21.8,68,18.87,58,,,,
2024-11-07T14:30:15+00:00,885,21.8,68,18.87,59,,,,
2024-11-07T14:30:32+00:00,886,21.4,67,18.87,60,,,,
2024-11-07T14:30:49+00:00,887,21.4,67,18.87,57,,,,
2024-11-07T14:31:05+00:00,888,21.4,67,18.87,57,,,,
2024-11-07T14:31:22+00:00,889,21.4,67,18.87,58,,,,
2024-11-07T14:31:38+00:00,890,21.4,67,18.81,61,,,,
2024-11-07T14:31:55+00:00,891,21.4,68,18.81,61,,,,
2024-11-07T14:32:12+00:00,892,21.4,68,18.87,61,,,,
2024-11-07T14:32:28+00:00,893,21.4,68,18.81,60,,,,
2024-11-07T14:32:45+00:00,894,21.4,68,18.81,59,,,,
2024-11-07T14:33:02+00:00,895,21.4,68,18.81,59,,,,
2024-11-07T14:33:18+00:00,896,21.4,68,18.81,57,,,,
2024-11-07T14:33:35+00:00,897,21.4,68,18.81,60,,,,
2024-11-07T14:33:51+00:00,898,21.4,68,18.81,58,,,,
2024-11-07T14:34:08+00:00,899,21.4,68,18.81,58,,,,
2024-11-07T14:34:24+00:00,900,21.4,68,18.81,58,,,,
2024-11-07T14:34:41+00:00,901,21.4,69,18.75,61,,,,
2024-11-07T14:34:58+00:00,902,21.4,69,18.81,60,,,,
2024-11-07T14:35:15+00:00,903,21.4,69,18.81,56,,,,
2024-11-07T14:35:31+00:00,904,21.4,69,18.75,59,,,,
2024-11-07T14:35:48+00:00,905,21.4,69,18.81,61,,,,
2024-11-07T14:36:07+00:00,906,21.4,70,18,0,,,,
2024-11-07T14:36:23+00:00,907,21.4,71,17.62,0,,,,
2024-11-07T14:36:39+00:00,908,21.4,72,17.44,0,,,,
2024-11-07T14:36:56+00:00,909,21.4,73,17.19,0,,,,
2024-11-07T14:44:57+00:00,910,21.4,77,17.56,0,,,,
2024-11-07T14:45:13+00:00,911,21.8,76,17.62,0,,,,
2024-11-07T14:45:45+00:00,912,21.8,73,17.56,0,,,,
2024-11-07T14:46:02+00:00,913,21.8,72,17.62,0,,,,
2024-11-08T20:58:07+00:00,914,24.5,53,20.31,36,,,,
2024-11-08T20:58:24+00:00,915,24.5,53,20.31,36,,,,
2024-11-08T20:58:41+00:00,916,24.5,53,20.31,36,,,,
2024-11-08T20:58:57+00:00,917,24.5,53,20.37,36,,,,
2024-11-08T20:59:15+00:00,918,24.5,54,20.31,36,,,,
2024-11-08T20:59:32+00:00,919,24.5,54,20.37,36,,,,
2024-11-08T20:59:49+00:00,920,24.5,54,20.37,37,,,,
2024-11-08T21:00:06+00:00,921,24.5,54,20.31,37,,,,
2024-11-08T21:00:22+00:00,922,24.5,54,20.37,37,,,,
2024-11-08T21:00:39+00:00,923,24.5,53,20.31,36,,,,
2024-11-08T21:00:56+00:00,924,24.5,53,20.31,37,,,,
2024-11-08T21:01:13+00:00,925,24.5,54,20.37,37,,,,
2024-11-08T21:01:30+00:00,926,24.5,54,20.37,37,,,,
2024-11-08T21:01:46+00:00,927,24.5,54,20.31,37,,,,
2024-11-08T21:02:05+00:00,928,24.5,54,20.37,37,,,,
2024-11-08T21:02:22+00:00,929,24.5,54,20.37,37,,,,
2024-11-08T21:02:39+00:00,930,24.5,54,20.37,36,,,,
2024-11-08T21:02:56+00:00,931,24.5,54,20.31,37,,,,
2024-11-08T21:03:13+00:00,932,24.5,54,20.31,44,,,,
2024-11-08T21:03:29+00:00,933,24.5,54,20.06,44,,,,
2024-11-08T21:03:45+00:00,934,24.5,54,20.12,44,,,,
2024-11-08T21:04:02+00:00,935,24.8,54,20.12,43,,,,
2024-11-08T21:04:20+00:00,936,24.8,54,20.12,42,,,,
2024-11-08T21:04:36+00:00,937,24.8,54,20.12,41,,,,
2024-11-08T21:04:53+00:00,938,24.8,55,20.12,40,,,,
2024-11-08T21:05:09+00:00,939,24.8,55,20.12,40,,,,
2024-11-08T21:05:27+00:00,940,24.8,54,20.12,40,,,,
2024-11-08T21:05:43+00:00,941,24.8,54,20.12,39,,,,
2024-11-08T21:06:00+00:00,942,24.8,54,20.12,39,,,,
2024-11-08T21:06:16+00:00,943,24.8,54,20.12,39,,,,
2024-11-08T21:06:33+00:00,944,24.8,54,20.12,38,,,,
2024-11-08T21:06:50+00:00,945,24.8,54,20.12,38,,,,
2024-11-08T21:07:06+00:00,946,24.8,54,20.12,38,,,,
2024-11-08T21:07:23+00:00,947,24.5,53,20.06,37,,,,
2024-11-08T21:07:40+00:00,948,24.5,54,20.06,38,,,,
2024-11-08T21:07:56+00:00,949,24.5,54,20.12,37,,,,
2024-11-08T21:08:15+00:00,950,24.5,54,20.06,38,,,,
2024-11-08T21:08:31+00:00,951,24.5,54,20.12,38,,,,
2024-11-08T21:08:48+00:00,952,24.5,54,20.06,37,,,,
2024-11-08T21:09:07+00:00,953,24.5,54,20.06,38,,,,
2024-11-08T21:09:24+00:00,954,24.5,54,20.06,38,,,,
2024-11-08T21:09:41+00:00,955,24.5,54,20.06,38,,,,
2024-11-08T21:09:58+00:00,956,24.5,54,20.06,38,,,,
2024-11-08T21:10:14+00:00,957,24.5,54,20.06,37,,,,
2024-11-08T21:10:31+00:00,958,24.5,54,20.06,37,,,,
2024-11-08T21:10:47+00:00,959,24.5,54,20,37,,,,
2024-11-08T21:11:04+00:00,960,24.5,54,20,37,,,,
2024-11-08T21:11:21+00:00,961,24.5,54,20,36,,,,
2024-11-08T21:11:37+00:00,962,24.5,54,20,36,,,,
2024-11-08T21:11:54+00:00,963,24.5,54,20,35,,,,
2024-11-08T21:12:11+00:00,964,24.5,54,20,35,,,,
2024-11-08T21:12:28+00:00,965,24.5,54,20.06,36,,,,
2024-11-08T21:12:45+00:00,966,24.5,54,20,37,,,,
2024-11-08T21:13:01+00:00,967,24.5,55,20,37,,,,
2024-11-08T21:13:18+00:00,968,24.5,54,20,37,,,,
2024-11-08T21:13:35+00:00,969,24.5,55,20,37,,,,
2024-11-08T21:13:51+00:00,970,24.5,55,20,38,,,,
2024-11-08T21:14:10+00:00,971,24.5,55,20.06,38,,,,
2024-11-08T21:14:27+00:00,972,24.5,55,19.94,39,,,,
2024-11-08T21:14:43+00:00,973,24.5,55,20,39,,,,
2024-11-08T21:15:00+00:00,974,24.5,56,20,39,,,,
2024-11-08T21:15:16+00:00,975,24.5,56,19.94,39,,,,
2024-11-08T21:15:33+00:00,976,24.5,56,20,39,,,,
2024-11-08T21:15:49+00:00,977,24.5,57,20,39,,,,
2024-11-08T21:16:06+00:00,978,24.5,57,20,39,,,,
2024-11-08T21:16:22+00:00,979,24.5,56,19.94,37,,,,
2024-11-08T21:16:39+00:00,980,24.5,56,20,37,,,,
2024-11-08T21:16:56+00:00,981,24.5,56,20,37,,,,
2024-11-08T21:17:12+00:00,982,24.5,55,20,38,,,,
2024-11-08T21:17:29+00:00,983,24.5,55,20,37,,,,
2024-11-08T21:17:46+00:00,984,24.5,54,19.94,38,,,,
2024-11-08T21:18:03+00:00,985,24.5,54,19.94,38,,,,
2024-11-08T21:18:19+00:00,986,24.5,54,19.94,38,,,,
2024-11-08T21:18:36+00:00,987,24.3,54,19.94,39,,,,
2024-11-08T21:18:53+00:00,988,24.2,55,20,39,,,,
2024-11-08T21:19:10+00:00,989,24.5,56,20,39,,,,
2024-11-08T21:19:27+00:00,990,24.5,56,19.94,39,,,,
2024-11-08T21:19:44+00:00,991,24.5,56,20,38,,,,
2024-11-08T21:20:00+00:00,992,24.5,56,20,39,,,,
2024-11-08T21:20:16+00:00,993,24.5,55,19.94,39,,,,
2024-11-08T21:20:34+00:00,994,24.5,56,20,39,,,,
2024-11-08T21:20:51+00:00,995,24.5,56,20,39,,,,
2024-11-08T21:21:07+00:00,996,24.5,56,19.94,39,,,,
2024-11-08T21:21:26+00:00,997,24.5,55,19.94,39,,,,
2024-11-08T21:21:42+00:00,998,24.5,55,19.94,40,,,,
2024-11-08T21:21:59+00:00,999,24.5,56,19.94,40,,,,
2024-11-08T21:22:15+00:00,1000,24.5,56,20,40,,,,
2024-11-08T21:22:32+00:00,1001,24.5,56,19.94,40,,,,
2024-11-08T21:22:49+00:00,1002,24.5,56,19.94,40,,,,
2024-11-08T21:23:05+00:00,1003,24.5,55,19.94,41,,,,
2024-11-08T21:23:22+00:00,1004,24.5,55,19.94,41,,,,
2024-11-08T21:23:38+00:00,1005,24.5,55,19.94,41,,,,
2024-11-08T21:23:54+00:00,1006,24.5,55,19.87,42,,,,
2024-11-08T21:24:11+00:00,1007,24.5,55,19.94,42,,,,
2024-11-08T21:24:27+00:00,1008,24.5,54,19.94,42,,,,
2024-11-08T21:24:44+00:00,1009,24.5,54,20,42,,,,
2024-11-08T21:25:01+00:00,1010,24.5,54,19.94,41,,,,
2024-11-08T21:25:18+00:00,1011,24.1,54,19.94,42,,,,
2024-11-08T21:25:35+00:00,1012,24.1,54,19.94,42,,,,
2024-11-08T21:25:52+00:00,1013,24.1,55,19.87,42,,,,
2024-11-08T21:26:08+00:00,1014,24.1,55,19.94,42,,,,
2024-11-08T21:26:27+00:00,1015,24.1,55,19.94,42,,,,
2024-11-08T21:26:43+00:00,1016,24.1,55,19.87,43,,,,
2024-11-08T21:27:00+00:00,1017,24.1,55,19.94,43,,,,
2024-11-08T21:27:16+00:00,1018,24.1,56,19.94,0,,,,
2024-11-08T21:27:33+00:00,1019,24.1,55,19.62,39,,,,
2024-11-08T21:27:49+00:00,1020,24.1,55,19.62,39,,,,
2024-11-08T21:28:05+00:00,1021,24.1,55,19.56,38,,,,
2024-11-08T21:28:22+00:00,1022,24.1,55,19.56,38,,,,
2024-11-08T21:28:38+00:00,1023,24.1,56,19.56,37,,,,
2024-11-08T21:28:55+00:00,1024,24.1,56,19.5,37,,,,
2024-11-08T21:29:11+00:00,1025,24.1,56,19.56,38,,,,
2024-11-08T21:29:28+00:00,1026,24.1,56,19.5,37,,,,
2024-11-08T21:29:44+00:00,1027,24.1,56,19.5,37,,,,
2024-11-08T21:30:01+00:00,1028,24.1,55,19.56,38,,,,
2024-11-08T21:30:18+00:00,1029,24.1,55,19.5,38,,,,
2024-11-08T21:30:34+00:00,1030,24.1,55,19.5,38,,,,
2024-11-08T21:30:51+00:00,1031,24.1,55,19.5,38,,,,
2024-11-08T21:31:07+00:00,1032,24.1,55,19.5,39,,,,
2024-11-08T21:31:24+00:00,1033,24.1,55,19.5,39,,,,
2024-11-08T21:31:40+00:00,1034,24.1,55,19.5,39,,,,
2024-11-08T21:31:57+00:00,1035,24.1,55,19.5,40,,,,
2024-11-08T21:32:14+00:00,1036,24.1,55,19.5,40,,,,
2024-11-08T21:32:30+00:00,1037,24.1,55,19.5,40,,,,
2024-11-08T21:32:47+00:00,1038,24.1,55,19.5,40,,,,
2024-11-08T21:33:03+00:00,1039,24.1,55,19.5,40,,,,
2024-11-08T21:33:20+00:00,1040,24.1,55,19.44,41,,,,
2024-11-08T21:33:36+00:00,1041,24.1,55,19.44,41,,,,
2024-11-08T21:33:53+00:00,1042,24.1,56,19.5,41,,,,
2024-11-08T21:34:09+00:00,1043,24.1,55,19.44,41,,,,
2024-11-08T21:34:26+00:00,1044,24.1,55,19.44,42,,,,
2024-11-08T21:34:42+00:00,1045,24.1,55,19.5,41,,,,
2024-11-08T21:34:59+00:00,1046,24.1,55,19.44,41,,,,
2024-11-08T21:35:15+00:00,1047,24.1,55,19.37,42,,,,
2024-11-08T21:35:32+00:00,1048,24.1,55,19.44,41,,,,
2024-11-08T21:35:49+00:00,1049,24.1,56,19.44,42,,,,
2024-11-08T21:36:05+00:00,1050,24.1,56,19.44,42,,,,
2024-11-08T21:36:21+00:00,1051,24.1,56,19.44,42,,,,
2024-11-08T21:36:38+00:00,1052,24.1,56,19.44,42,,,,
2024-11-08T21:36:55+00:00,1053,24.1,56,19.44,42,,,,
2024-11-08T21:37:11+00:00,1054,24.1,56,19.5,42,,,,
2024-11-08T21:37:27+00:00,1055,24.1,55,19.44,42,,,,
2024-11-08T21:37:44+00:00,1056,24.1,55,19.44,42,,,,
2024-11-08T21:38:02+00:00,1057,24.1,55,19.44,43,,,,
2024-11-08T21:38:18+00:00,1058,24.1,56,19.44,43,,,,
2024-11-08T21:38:35+00:00,1059,24.1,55,19.44,43,,,,
2024-11-08T21:38:51+00:00,1060,24.1,56,19.44,43,,,,
2024-11-08T21:39:08+00:00,1061,24.1,56,19.44,43,,,,
2024-11-08T21:39:25+00:00,1062,24.1,56,19.44,43,,,,
2024-11-08T21:39:41+00:00,1063,24.1,56,19.44,43,,,,
2024-11-08T21:39:58+00:00,1064,24.1,56,19.37,43,,,,
2024-11-08T21:40:14+00:00,1065,24.1,56,19.44,43,,,,
2024-11-08T21:40:34+00:00,1066,24.1,56,19.44,44,,,,
2024-11-08T21:40:51+00:00,1067,23.8,55,19.37,44,,,,
2024-11-08T21:41:08+00:00,1068,23.8,55,19.44,44,,,,
2024-11-08T21:41:24+00:00,1069,23.8,55,19.44,44,,,,
2024-11-08T21:41:41+00:00,1070,23.8,55,19.37,44,,,,
2024-11-08T21:41:57+00:00,1071,23.8,56,19.37,44,,,,
2024-11-08T21:42:14+00:00,1072,23.8,56,19.37,44,,,,
2024-11-08T21:42:30+00:00,1073,23.8,56,19.37,44,,,,
2024-11-08T21:42:47+00:00,1074,23.8,56,19.37,44,,,,
2024-11-08T21:43:03+00:00,1075,23.8,56,19.37,45,,,,
2024-11-08T21:43:20+00:00,1076,23.8,56,19.37,45,,,,
2024-11-08T21:43:37+00:00,1077,23.8,56,19.44,45,,,,
2024-11-08T21:43:53+00:00,1078,23.8,56,19.37,45,,,,
2024-11-08T21:44:10+00:00,1079,23.8,56,19.44,45,,,,
2024-11-08T21:44:26+00:00,1080,23.8,56,19.44,45,,,,
2024-11-08T21:44:43+00:00,1081,23.8,56,19.37,45,,,,
2024-11-08T21:45:01+00:00,1082,23.8,56,19.37,46,,,,
2024-11-08T21:45:17+00:00,1083,23.8,57,19.44,46,,,,
2024-11-08T21:45:34+00:00,1084,23.8,57,19.44,45,,,,
2024-11-08T21:45:51+00:00,1085,23.8,57,19.37,46,,,,
2024-11-08T21:46:08+00:00,1086,23.8,57,19.37,46,,,,
2024-11-08T21:46:25+00:00,1087,23.8,57,19.37,46,,,,
2024-11-08T21:46:42+00:00,1088,23.8,57,19.37,46,,,,
2024-11-08T21:46:58+00:00,1089,23.8,57,19.44,46,,,,
2024-11-08T21:47:14+00:00,1090,23.8,57,19.37,46,,,,
2024-11-08T21:47:31+00:00,1091,23.8,57,19.44,46,,,,
2024-11-08T21:47:49+00:00,1092,23.8,56,19.44,46,,,,
2024-11-08T21:48:05+00:00,1093,23.8,56,19.37,46,,,,
2024-11-08T21:48:22+00:00,1094,23.8,56,19.44,46,,,,
2024-11-08T21:48:38+00:00,1095,23.8,56,19.37,46,,,,
2024-11-08T21:48:55+00:00,1096,23.8,56,19.37,47,,,,
2024-11-08T21:49:12+00:00,1097,23.8,57,19.37,47,,,,
2024-11-08T21:49:28+00:00,1098,23.8,57,19.37,47,,,,
2024-11-08T21:49:45+00:00,1099,23.8,57,19.37,47,,,,
2024-11-08T21:50:01+00:00,1100,23.8,57,19.37,47,,,,
2024-11-08T21:50:18+00:00,1101,23.8,57,19.37,47,,,,
2024-11-08T21:50:36+00:00,1102,23.8,57,19.37,47,,,,
2024-11-08T21:50:52+00:00,1103,23.8,57,19.37,47,,,,
2024-11-08T21:51:12+00:00,1104,23.8,57,19.37,47,,,,
2024-11-08T21:51:28+00:00,1105,23.8,57,19.31,47,,,,
2024-11-11T15:15:19+00:00,1106,24.8,62,21.75,0,,,,
2024-11-11T15:15:35+00:00,1107,24.8,62,21.75,0,,,,
2024-11-11T15:15:52+00:00,1108,25.3,62,21.75,0,,,,
2024-11-11T15:16:08+00:00,1109,25.3,62,20.5,0,,,,
2024-11-11T15:16:26+00:00,1110,25.3,62,20.12,0,,,,
2024-11-11T15:16:47+00:00,1111,25.3,62,20,0,,,,
2024-11-11T15:17:04+00:00,1112,25.3,62,20,0,,,,
2024-11-11T15:17:20+00:00,1113,25.8,62,20,0,,,,
2024-11-11T15:17:37+00:00,1114,25.8,62,20,0,,,,
2024-11-11T15:17:53+00:00,1115,25.8,62,20,0,,,,
2024-11-11T15:18:10+00:00,1116,26.2,62,20.06,0,,,,
2024-11-11T15:18:26+00:00,1117,26.2,62,20.06,0,,,,
2024-11-11T15:18:43+00:00,1118,26.2,61,20,0,,,,
2024-11-11T15:19:00+00:00,1119,26.2,60,19.81,0,,,,
2024-11-11T15:19:18+00:00,1120,26.7,59,19.75,0,,,,
2024-11-11T15:19:35+00:00,1121,26.7,59,19.62,0,,,,
2024-11-11T15:19:51+00:00,1122,26.7,59,19.69,0,,,,
2024-11-11T15:20:08+00:00,1123,26.7,59,19.69,0,,,,
2024-11-11T15:23:53+00:00,1124,27.6,56,19.75,0,,,,
2024-11-11T15:24:10+00:00,1125,27.6,56,19.69,0,,,,
2024-11-11T15:24:27+00:00,1126,27.6,56,19.69,0,,,,
2024-11-11T15:24:44+00:00,1127,27.6,57,19.69,0,,,,
2024-11-11T15:25:01+00:00,1128,27.6,57,19.62,0,,,,
2024-11-11T15:25:18+00:00,1129,27.6,56,19.69,89,,,,
2024-11-11T15:25:35+00:00,1130,28,54,19.87,75,,,,
2024-11-11T15:25:51+00:00,1131,28,54,19.94,5,,,,
2024-11-11T15:26:09+00:00,1132,28,54,20,10,,,,
2024-11-11T15:26:27+00:00,1133,28,53,20,81,,,,
2024-11-11T15:26:45+00:00,1134,28,53,20.06,70,,,,
2024-11-11T15:27:02+00:00,1135,28,53,20,69,,,,
2024-11-11T15:27:19+00:00,1136,28,53,20.06,69,,,,
2024-11-11T15:27:35+00:00,1137,28,53,20.06,69,,,,
2024-11-11T15:27:52+00:00,1138,28,53,20.06,68,,,,
2024-11-11T15:28:08+00:00,1139,28,52,20,68,,,,
2024-11-11T15:28:25+00:00,1140,28,52,20.12,68,,,,
2024-11-11T15:28:42+00:00,1141,28,52,20.06,68,,,,
2024-11-11T15:28:58+00:00,1142,28,52,20.06,68,,,,
2024-11-11T15:29:15+00:00,1143,28,52,20.06,69,,,,
2024-11-11T15:29:32+00:00,1144,28,51,20,69,,,,
2024-11-11T15:29:49+00:00,1145,28,51,20,69,,,,
2024-11-11T15:30:07+00:00,1146,28,52,20,70,,,,
2024-11-11T15:30:24+00:00,1147,28,52,20,70,,,,
2024-11-11T15:30:40+00:00,1148,28,52,20,70,,,,
2024-11-11T15:30:58+00:00,1149,28,52,20,70,,,,
2024-11-11T15:31:14+00:00,1150,28,52,20,70,,,,
2024-11-11T15:31:32+00:00,1151,28,52,20,71,,,,
2024-11-11T15:31:49+00:00,1152,28,51,20,71,,,,
2024-11-11T15:32:06+00:00,1153,28,51,20.06,71,,,,
2024-11-11T15:32:22+00:00,1154,28,51,20,71,,,,
2024-11-11T15:32:38+00:00,1155,28,51,20,72,,,,
2024-11-11T15:32:55+00:00,1156,28,51,20,71,,,,
2024-11-11T15:33:12+00:00,1157,28,51,20.06,72,,,,
2024-11-11T15:33:31+00:00,1158,28,51,20,72,,,,
2024-11-11T15:33:48+00:00,1159,28,51,19.94,72,,,,
2024-11-11T15:37:49+00:00,1160,28,51,20,76,,,,
2024-11-11T15:42:27+00:00,1161,28.9,50,20.06,78,,,,
2024-11-11T15:47:01+00:00,1162,28.9,48,20.12,85,,,,
2024-11-11T15:47:18+00:00,1163,28.9,48,20.12,89,,,,
2024-11-11T15:47:35+00:00,1164,28.9,48,20.12,89,,,,
2024-11-11T15:47:51+00:00,1165,28.5,48,20.12,89,,,,
2024-11-11T15:48:08+00:00,1166,28.5,48,20.19,89,,,,
2024-11-11T15:48:25+00:00,1167,28.5,48,20.12,89,,,,
2024-11-11T15:48:41+00:00,1168,28.5,48,20.12,88,,,,
2024-11-11T15:48:58+00:00,1169,28.5,48,20.12,87,,,,
2024-11-11T15:49:15+00:00,1170,28.5,49,20.12,86,,,,
2024-11-11T15:49:32+00:00,1171,28.5,49,20.12,86,,,,
2024-11-11T15:49:48+00:00,1172,28.5,48,20.12,85,,,,
2024-11-11T15:50:05+00:00,1173,28.5,48,20.12,85,,,,
2024-11-11T15:50:21+00:00,1174,28.5,48,20.19,84,,,,
2024-11-11T15:54:37+00:00,1175,28.5,49,20.06,74,,,,
2024-11-11T15:54:55+00:00,1176,28.5,48,20,73,,,,
2024-11-11T15:55:12+00:00,1177,28.5,48,20,73,,,,
2024-11-11T15:55:29+00:00,1178,28.5,48,20,73,,,,
2024-11-11T15:55:45+00:00,1179,28,48,20.06,73,,,,
2024-11-11T15:56:03+00:00,1180,28,49,20,74,,,,
2024-11-11T15:56:19+00:00,1181,28,49,20,74,,,,
2024-11-11T15:56:36+00:00,1182,28,49,20,74,,,,
2024-11-11T15:56:53+00:00,1183,28,49,20,74,,,,
2024-11-11T15:57:10+00:00,1184,28,49,20,75,,,,
2024-11-11T15:57:27+00:00,1185,28,49,20,75,,,,
2024-11-11T15:57:43+00:00,1186,28,49,20,75,,,,
2024-11-11T15:58:00+00:00,1187,28,50,20.06,75,,,,
2024-11-11T16:00:40+00:00,1188,28.5,49,20.06,78,,,,
2024-11-11T16:00:58+00:00,1189,28.5,49,20,77,,,,
2024-11-11T16:01:20+00:00,1190,28.5,49,20.06,78,,,,
2024-11-11T16:01:39+00:00,1191,28.5,49,20.06,78,,,,
2024-11-11T16:01:57+00:00,1192,28.5,49,20.06,77,,,,
2024-11-11T16:02:14+00:00,1193,28.5,49,20.06,77,,,,
2024-11-11T16:02:31+00:00,1194,28.5,48,20.06,78,,,,
2024-11-11T16:02:47+00:00,1195,28.5,48,20.06,77,,,,
2024-11-11T16:03:05+00:00,1196,28.5,49,20.12,78,,,,
2024-11-11T16:03:22+00:00,1197,28.9,49,20.06,78,,,,
2024-11-11T16:03:39+00:00,1198,28.9,49,20.12,78,,,,
2024-11-11T16:03:56+00:00,1199,28.9,49,20.12,78,,,,
2024-11-11T16:04:12+00:00,1200,28.9,49,20.12,78,,,,
2024-11-11T16:04:28+00:00,1201,28.9,49,20.12,78,,,,
2024-11-11T16:04:45+00:00,1202,28.9,49,20.12,78,,,,
2024-11-11T16:05:03+00:00,1203,29.1,49,20.12,78,,,,
2024-11-11T16:05:25+00:00,1204,29.3,49,20.12,78,,,,
2024-11-11T16:05:43+00:00,1205,29.3,48,20.12,78,,,,
2024-11-11T16:06:00+00:00,1206,29.3,48,20.19,78,,,,
2024-11-11T16:06:19+00:00,1207,29.3,48,20.19,78,,,,
2024-11-11T16:06:36+00:00,1208,28.9,48,20.12,78,,,,
2024-11-11T16:06:53+00:00,1209,28.9,48,20.19,78,,,,
2024-11-11T16:07:11+00:00,1210,28.9,48,20.19,78,,,,
2024-11-11T16:07:28+00:00,1211,28.9,48,20.19,78,,,,
2024-11-11T16:07:45+00:00,1212,29.3,48,20.19,78,,,,
2024-11-11T16:08:03+00:00,1213,29.3,48,20.25,78,,,,
2024-11-11T16:08:20+00:00,1214,29.3,48,20.31,78,,,,
2024-11-11T16:08:41+00:00,1215,29.3,48,20.25,78,,,,
2024-11-11T16:09:00+00:00,1216,29.3,48,20.25,78,,,,
2024-11-11T16:09:21+00:00,1217,29.3,48,20.31,78,,,,
2024-11-11T16:09:41+00:00,1218,29.8,48,20.31,78,,,,
2024-11-11T16:09:58+00:00,1219,29.8,48,20.31,1,,,,
2024-11-11T16:10:18+00:00,1220,29.8,48,20.25,70,,,,
2024-11-11T16:10:36+00:00,1221,29.7,48,20.25,69,,,,
2024-11-11T16:10:53+00:00,1222,29.3,48,20.19,69,,,,
2024-11-11T16:11:09+00:00,1223,29.3,48,20.25,69,,,,
2024-11-11T16:11:27+00:00,1224,29.3,48,20.25,69,,,,
2024-11-11T16:11:44+00:00,1225,29.3,48,20.25,69,,,,
2024-11-11T16:12:01+00:00,1226,29.3,48,20.25,69,,,,
2024-11-11T16:12:18+00:00,1227,29.3,48,20.31,70,,,,
2024-11-11T16:12:34+00:00,1228,29.3,48,20.31,70,,,,
2024-11-11T16:12:51+00:00,1229,29.3,48,20.31,70,,,,
2024-11-11T16:13:08+00:00,1230,29.3,48,20.31,70,,,,
2024-11-11T16:13:25+00:00,1231,29.3,48,20.31,71,,,,
2024-11-11T16:13:41+00:00,1232,29.3,47,20.31,71,,,,
2024-11-11T16:13:58+00:00,1233,29.3,47,20.37,70,,,,
2024-11-11T16:14:14+00:00,1234,29.8,48,20.37,70,,,,
2024-11-11T16:14:31+00:00,1235,29.8,47,20.37,71,,,,
2024-11-11T16:14:48+00:00,1236,29.8,47,20.37,1,,,,
2024-11-11T16:15:07+00:00,1237,29.8,47,20.37,49,,,,
2024-11-11T16:15:23+00:00,1238,29.8,47,20.37,48,,,,
2024-11-11T16:15:40+00:00,1239,29.8,47,20.37,48,,,,
2024-11-11T16:15:58+00:00,1240,29.8,47,20.37,48,,,,
2024-11-11T16:16:15+00:00,1241,29.8,47,20.37,48,,,,
2024-11-11T16:16:31+00:00,1242,29.8,47,20.44,48,,,,
2024-11-11T16:16:49+00:00,1243,29.8,48,20.37,48,,,,
2024-11-11T16:17:07+00:00,1244,29.8,48,20.44,47,,,,
2024-11-11T16:17:24+00:00,1245,30.2,47,20.44,48,,,,
2024-11-11T16:17:41+00:00,1246,30.2,47,20.44,47,,,,
2024-11-11T16:17:58+00:00,1247,30.2,46,20.44,47,,,,
2024-11-11T16:18:14+00:00,1248,30.2,46,20.44,47,,,,
2024-11-11T16:18:31+00:00,1249,30.2,46,20.44,47,,,,
2024-11-11T16:18:47+00:00,1250,30.2,46,20.44,47,,,,
2024-11-11T16:19:08+00:00,1251,30.2,46,20.44,47,,,,
2024-11-11T16:19:26+00:00,1252,30.2,46,20.5,48,,,,
2024-11-11T16:19:43+00:00,1253,30.2,46,20.44,47,,,,
2024-11-11T16:19:59+00:00,1254,30.2,46,20.5,47,,,,
2024-11-11T16:20:15+00:00,1255,30.2,46,20.44,47,,,,
2024-11-11T16:20:33+00:00,1256,30.2,46,20.5,47,,,,
2024-11-11T16:20:50+00:00,1257,30.2,46,20.5,47,,,,
2024-11-11T16:21:08+00:00,1258,30.2,46,20.5,47,,,,
2024-11-11T16:21:25+00:00,1259,30.2,46,20.5,47,,,,
2024-11-11T16:21:42+00:00,1260,30.2,46,20.5,47,,,,
2024-11-11T16:21:58+00:00,1261,30.2,46,20.5,47,,,,
2024-11-11T16:22:15+00:00,1262,30.2,46,20.56,47,,,,
2024-11-11T16:22:31+00:00,1263,30.2,46,20.5,47,,,,
2024-11-11T16:22:49+00:00,1264,30.2,46,20.56,47,,,,
2024-11-11T16:23:06+00:00,1265,30.2,46,20.56,47,,,,
2024-11-11T16:23:23+00:00,1266,30.2,46,20.56,47,,,,
2024-11-11T16:23:40+00:00,1267,29.8,47,20.56,47,,,,
2024-11-11T16:23:56+00:00,1268,29.8,47,20.56,47,,,,
2024-11-11T16:24:13+00:00,1269,29.8,47,20.5,0,,,,
2024-11-11T16:24:30+00:00,1270,29.8,47,19.94,0,,,,
2024-11-13T13:30:33+00:00,1271,22.2,77,20.06,42,,,,
2024-11-13T13:30:50+00:00,1272,22.2,77,20.12,42,,,,
2024-11-13T13:31:07+00:00,1273,22.2,76,20.12,43,,,,
2024-11-13T13:31:23+00:00,1274,22.2,76,20.06,43,,,,
2024-11-13T13:31:40+00:00,1275,22.2,75,20.06,44,,,,
2024-11-13T13:31:57+00:00,1276,22.2,75,19.94,44,,,,
2024-11-13T13:32:13+00:00,1277,22.2,75,19.87,45,,,,
2024-11-13T13:32:30+00:00,1278,22.2,74,19.94,46,,,,
2024-11-13T13:32:47+00:00,1279,22.2,73,19.87,47,,,,
2024-11-13T13:33:04+00:00,1280,22.2,73,19.81,48,,,,
2024-11-13T13:33:22+00:00,1281,22.2,73,19.75,48,,,,
2024-11-13T13:33:38+00:00,1282,22.2,74,19.69,48,,,,
2024-11-13T13:33:56+00:00,1283,22.3,74,19.69,48,,,,
2024-11-13T13:34:16+00:00,1284,22.6,74,19.56,49,,,,
2024-11-13T13:34:34+00:00,1285,22.6,74,19.56,49,,,,
2024-11-13T13:34:51+00:00,1286,22.6,73,19.5,50,,,,
2024-11-13T13:35:08+00:00,1287,22.6,73,19.5,49,,,,
2024-11-13T13:35:25+00:00,1288,22.6,73,19.44,50,,,,
2024-11-13T13:35:41+00:00,1289,22.6,73,19.44,50,,,,
2024-11-13T13:35:58+00:00,1290,22.6,73,19.44,50,,,,
2024-11-13T13:36:16+00:00,1291,22.6,74,19.37,50,,,,
2024-11-13T13:36:35+00:00,1292,22.6,74,19.31,50,,,,
2024-11-13T13:36:51+00:00,1293,22.6,74,19.37,50,,,,
2024-11-13T13:37:09+00:00,1294,22.6,74,19.37,51,,,,
2024-11-13T13:37:27+00:00,1295,22.6,74,19.31,50,,,,
2024-11-13T13:37:44+00:00,1296,22.6,74,19.31,51,,,,
2024-11-13T13:38:02+00:00,1297,22.6,73,19.31,50,,,,
2024-11-13T13:38:19+00:00,1298,22.6,74,19.31,50,,,,
2024-11-13T13:38:36+00:00,1299,22.6,74,19.31,50,,,,
2024-11-13T13:38:52+00:00,1300,23,74,19.31,50,,,,
2024-11-13T13:39:10+00:00,1301,23,73,19.25,50,,,,
2024-11-13T13:39:28+00:00,1302,23,73,19.25,50,,,,
2024-11-13T13:39:44+00:00,1303,23,73,19.25,50,,,,
2024-11-13T13:40:01+00:00,1304,23,73,19.25,50,,,,
2024-11-13T13:40:18+00:00,1305,23,73,19.31,50,,,,
2024-11-13T13:40:34+00:00,1306,23,73,19.25,50,,,,
2024-11-13T13:40:53+00:00,1307,23,72,19.25,50,,,,
2024-11-13T13:41:11+00:00,1308,23,72,19.19,51,,,,
2024-11-13T13:41:28+00:00,1309,23,71,19.19,51,,,,
2024-11-13T13:41:44+00:00,1310,23,71,19.19,50,,,,
2024-11-13T13:42:03+00:00,1311,23,71,19.19,51,,,,
2024-11-13T13:42:19+00:00,1312,23,71,19.19,51,,,,
2024-11-13T13:42:36+00:00,1313,23,71,19.19,51,,,,
2024-11-13T13:42:53+00:00,1314,23,71,19.19,51,,,,
2024-11-13T13:43:10+00:00,1315,23,72,19.19,51,,,,
2024-11-13T13:43:27+00:00,1316,23,72,19.12,51,,,,
2024-11-13T13:43:44+00:00,1317,23,71,19.12,51,,,,
2024-11-13T13:44:00+00:00,1318,23,71,19.12,52,,,,
2024-11-13T13:44:19+00:00,1319,23,71,19.12,51,,,,
2024-11-13T13:44:37+00:00,1320,23,71,19.12,51,,,,
2024-11-13T13:44:54+00:00,1321,23,71,19.12,51,,,,
2024-11-13T13:45:11+00:00,1322,23,71,19.06,51,,,,
2024-11-13T13:45:29+00:00,1323,23,71,19,52,,,,
2024-11-13T13:45:46+00:00,1324,23,71,19.06,51,,,,
2024-11-13T13:46:03+00:00,1325,23,70,19.06,51,,,,
2024-11-13T13:46:19+00:00,1326,23,70,19,52,,,,
2024-11-13T13:46:37+00:00,1327,23,70,19,52,,,,
2024-11-13T13:46:54+00:00,1328,23,70,19,51,,,,
2024-11-13T13:47:12+00:00,1329,23,70,19,51,,,,
2024-11-13T13:47:28+00:00,1330,23,70,19,51,,,,
2024-11-13T13:47:46+00:00,1331,23,70,19,50,,,,
2024-11-13T13:48:03+00:00,1332,23,70,19,50,,,,
2024-11-13T13:48:19+00:00,1333,23,70,19,50,,,,
2024-11-13T13:48:36+00:00,1334,23,70,18.94,50,,,,
2024-11-13T13:48:53+00:00,1335,23.4,71,19,50,,,,
2024-11-13T13:49:11+00:00,1336,23.4,71,19,50,,,,
2024-11-13T13:49:28+00:00,1337,23.4,71,19,50,,,,
2024-11-13T13:49:45+00:00,1338,23.4,71,19,50,,,,
2024-11-13T13:50:02+00:00,1339,23.4,71,19,50,,,,
2024-11-13T13:50:18+00:00,1340,23.4,71,19,50,,,,
2024-11-13T13:50:36+00:00,1341,23.4,71,19,50,,,,
2024-11-13T13:50:53+00:00,1342,23.4,70,19,49,,,,
2024-11-13T13:51:11+00:00,1343,23.4,70,19,49,,,,
2024-11-13T13:51:27+00:00,1344,23.4,70,19.06,49,,,,
2024-11-13T13:51:47+00:00,1345,23.4,70,19,50,,,,
2024-11-13T13:52:05+00:00,1346,23.4,70,19.06,50,,,,
2024-11-13T13:52:23+00:00,1347,23.4,70,19.06,50,,,,
2024-11-13T13:52:40+00:00,1348,23.4,71,19.06,50,,,,
2024-11-13T13:52:59+00:00,1349,23.4,71,19,50,,,,
2024-11-13T13:53:17+00:00,1350,23.4,70,19.06,50,,,,
2024-11-13T13:53:34+00:00,1351,23.4,71,19.06,50,,,,
2024-11-13T13:53:51+00:00,1352,23.4,70,19.06,51,,,,
2024-11-13T13:54:08+00:00,1353,23.4,70,19.06,51,,,,
2024-11-13T13:54:25+00:00,1354,23.4,70,19.12,51,,,,
2024-11-13T13:54:41+00:00,1355,23.4,69,19.12,51,,,,
2024-11-13T13:54:58+00:00,1356,23.4,70,19.06,51,,,,
2024-11-13T13:55:15+00:00,1357,23.8,70,19.12,51,,,,
2024-11-13T13:55:32+00:00,1358,23.8,70,19.06,51,,,,
2024-11-13T13:55:49+00:00,1359,23.8,70,19.12,51,,,,
2024-11-13T13:56:05+00:00,1360,23.8,70,19.12,80,,,,
2024-11-13T13:56:21+00:00,1361,23.8,70,19.12,75,,,,
2024-11-13T13:56:38+00:00,1362,23.8,70,19.25,75,,,,
2024-11-13T13:56:55+00:00,1363,23.8,69,19.31,76,,,,
2024-11-13T13:57:11+00:00,1364,23.8,69,19.25,77,,,,
2024-11-13T13:57:28+00:00,1365,23.8,70,19.31,77,,,,
2024-11-13T13:57:45+00:00,1366,23.8,70,19.31,77,,,,
2024-11-13T13:58:01+00:00,1367,23.8,69,19.37,78,,,,
2024-11-13T13:58:18+00:00,1368,23.8,69,19.37,78,,,,
2024-11-13T13:58:35+00:00,1369,23.8,69,19.31,78,,,,
2024-11-13T13:58:51+00:00,1370,23.8,69,19.37,78,,,,
2024-11-13T13:59:07+00:00,1371,23.8,69,19.31,79,,,,
2024-11-13T13:59:24+00:00,1372,23.8,69,19.37,79,,,,
2024-11-13T13:59:41+00:00,1373,23.8,69,19.44,79,,,,
2024-11-13T13:59:58+00:00,1374,23.8,69,19.37,79,,,,
2024-11-13T14:00:15+00:00,1375,23.8,69,19.37,79,,,,
2024-11-13T14:00:31+00:00,1376,23.8,69,19.44,79,,,,
2024-11-13T14:00:48+00:00,1377,23.8,69,19.44,80,,,,
2024-11-13T14:01:04+00:00,1378,23.8,69,19.44,80,,,,
2024-11-13T14:01:21+00:00,1379,23.8,68,19.44,80,,,,
2024-11-13T14:01:37+00:00,1380,23.8,68,19.44,80,,,,
2024-11-13T14:01:54+00:00,1381,23.8,69,19.44,81,,,,
2024-11-13T14:02:11+00:00,1382,23.8,69,19.44,80,,,,
2024-11-13T14:02:28+00:00,1383,23.8,69,19.5,81,,,,
2024-11-13T14:02:45+00:00,1384,23.8,69,19.44,81,,,,
2024-11-13T14:03:02+00:00,1385,23.8,69,19.5,81,,,,
2024-11-13T14:03:19+00:00,1386,23.8,69,19.5,81,,,,
2024-11-13T14:03:37+00:00,1387,23.8,69,19.5,81,,,,
2024-11-13T14:03:53+00:00,1388,23.8,69,19.5,81,,,,
2024-11-13T14:04:10+00:00,1389,23.8,69,19.5,81,,,,
2024-11-13T14:04:27+00:00,1390,23.8,69,19.5,81,,,,
2024-11-13T14:04:43+00:00,1391,24,69,19.56,81,,,,
2024-11-13T14:05:00+00:00,1392,24.1,69,19.5,81,,,,
2024-11-13T14:05:17+00:00,1393,24.1,69,19.5,81,,,,
2024-11-13T14:05:34+00:00,1394,24.1,69,19.56,81,,,,
2024-11-13T14:05:50+00:00,1395,24.1,69,19.56,81,,,,
2024-11-13T14:06:07+00:00,1396,24.1,69,19.56,81,,,,
2024-11-13T14:06:24+00:00,1397,24.1,69,19.56,81,,,,
2024-11-13T14:06:40+00:00,1398,24.1,69,19.62,81,,,,
2024-11-13T14:06:57+00:00,1399,24.1,70,19.62,81,,,,
2024-11-13T14:07:13+00:00,1400,24.1,70,19.62,81,,,,
2024-11-13T14:07:30+00:00,1401,24.1,70,19.69,81,,,,
2024-11-13T14:07:47+00:00,1402,24.1,69,19.62,81,,,,
2024-11-13T14:08:03+00:00,1403,24.1,69,19.5,0,,,,
2024-11-13T14:08:20+00:00,1404,24.1,69,19.44,21,,,,
2024-11-13T14:08:37+00:00,1405,24.1,68,19.44,73,,,,
2024-11-13T14:08:53+00:00,1406,24.1,68,19.44,71,,,,
2024-11-13T14:09:10+00:00,1407,24.1,66,19.44,71,,,,
2024-11-13T14:09:27+00:00,1408,24.1,66,19.5,71,,,,
2024-11-13T14:09:44+00:00,1409,24.1,65,19.5,72,,,,
2024-11-13T14:10:01+00:00,1410,24.1,66,19.5,72,,,,
2024-11-13T14:10:18+00:00,1411,24.1,67,19.44,73,,,,
2024-11-13T14:10:34+00:00,1412,24.1,67,19.44,73,,,,
2024-11-13T14:10:50+00:00,1413,24.1,68,19.44,74,,,,
2024-11-13T14:11:07+00:00,1414,24.1,68,19.44,74,,,,
2024-11-13T14:11:24+00:00,1415,24.1,69,19.44,75,,,,
2024-11-13T14:11:43+00:00,1416,24.1,68,19.44,75,,,,
2024-11-13T14:12:00+00:00,1417,24.1,67,19.44,75,,,,
2024-11-13T14:12:16+00:00,1418,24.1,67,19.44,75,,,,
2024-11-13T14:12:33+00:00,1419,24.1,67,19.44,75,,,,
2024-11-13T14:12:50+00:00,1420,24.1,68,19.44,75,,,,
2024-11-13T14:13:06+00:00,1421,24.1,68,19.44,75,,,,
2024-11-13T14:13:23+00:00,1422,24.1,69,19.44,75,,,,
2024-11-13T14:13:39+00:00,1423,24.1,68,19.44,75,,,,
2024-11-13T14:13:56+00:00,1424,24.1,68,19.44,75,,,,
2024-11-13T14:14:14+00:00,1425,24.1,68,19.44,75,,,,
2024-11-13T14:14:31+00:00,1426,24.1,66,19.44,75,,,,
2024-11-13T14:14:47+00:00,1427,24.1,65,19.44,75,,,,
2024-11-13T14:15:04+00:00,1428,24.1,66,19.44,75,,,,
2024-11-13T14:15:20+00:00,1429,24.1,67,19.37,75,,,,
2024-11-13T14:15:37+00:00,1430,24.1,67,19.37,75,,,,
2024-11-13T14:15:54+00:00,1431,24.1,67,19.37,75,,,,
2024-11-13T14:16:11+00:00,1432,24.1,67,19.37,75,,,,
2024-11-13T14:16:27+00:00,1433,24.1,65,19.31,75,,,,
2024-11-13T14:16:44+00:00,1434,24.1,65,19.31,75,,,,
2024-11-13T14:17:00+00:00,1435,24.1,65,19.31,75,,,,
2024-11-13T14:17:17+00:00,1436,24.1,65,19.31,75,,,,
2024-11-13T14:17:33+00:00,1437,24.1,64,19.31,75,,,,
2024-11-13T14:17:50+00:00,1438,24.1,64,19.31,75,,,,
2024-11-13T14:18:07+00:00,1439,24.1,65,19.31,75,,,,
2024-11-13T14:18:24+00:00,1440,24.1,64,19.31,74,,,,
2024-11-13T14:18:44+00:00,1441,24.1,64,19.37,75,,,,
2024-11-13T14:19:00+00:00,1442,24.1,65,19.37,74,,,,
2024-11-13T14:19:18+00:00,1443,24.1,65,19.31,74,,,,
2024-11-13T14:19:36+00:00,1444,24.1,64,19.31,74,,,,
2024-11-13T14:19:53+00:00,1445,24.1,64,19.31,74,,,,
2024-11-13T14:20:09+00:00,1446,24.1,64,19.37,74,,,,
2024-11-13T14:20:26+00:00,1447,24.1,65,19.31,74,,,,
2024-11-13T14:20:43+00:00,1448,24.1,65,19.31,74,,,,
2024-11-13T14:21:00+00:00,1449,24.1,65,19.31,74,,,,
2024-11-13T14:21:16+00:00,1450,24.1,65,19.31,74,,,,
2024-11-13T14:21:34+00:00,1451,24.1,65,19.31,74,,,,
2024-11-13T14:21:50+00:00,1452,24.1,66,19.31,74,,,,
2024-11-13T14:22:08+00:00,1453,24.1,67,19.37,74,,,,
2024-11-13T14:22:24+00:00,1454,24.1,66,19.25,74,,,,
2024-11-13T14:22:45+00:00,1455,24.1,65,19.31,74,,,,
2024-11-13T14:23:02+00:00,1456,24.1,65,19.31,74,,,,
2024-11-13T14:23:18+00:00,1457,24.1,65,19.31,74,,,,
2024-11-13T14:23:35+00:00,1458,24.1,65,19.31,74,,,,
2024-11-13T14:23:52+00:00,1459,24.1,65,19.31,74,,,,
2024-11-13T14:24:08+00:00,1460,24.1,65,19.37,74,,,,
2024-11-13T14:24:24+00:00,1461,24.1,65,19.31,74,,,,
2024-11-13T14:24:41+00:00,1462,24.1,64,19.31,74,,,,
2024-11-13T14:24:57+00:00,1463,24.1,63,19.31,74,,,,
2024-11-13T14:25:15+00:00,1464,24.1,64,19.31,74,,,,
2024-11-13T14:25:32+00:00,1465,24.1,64,19.37,14,,,,
2024-11-13T14:25:50+00:00,1466,24.1,64,19.31,53,,,,
2024-11-13T14:26:07+00:00,1467,24.1,64,19.19,52,,,,
2024-11-13T14:26:23+00:00,1468,24.1,65,19.19,52,,,,
2024-11-13T14:26:40+00:00,1469,24.1,66,19.19,52,,,,
2024-11-13T14:26:57+00:00,1470,24.1,65,19.19,52,,,,
2024-11-13T14:27:13+00:00,1471,24.1,65,19.19,53,,,,
2024-11-13T14:27:31+00:00,1472,24.1,64,19.19,52,,,,
2024-11-13T14:27:47+00:00,1473,24.1,65,19.19,52,,,,
2024-11-13T14:28:04+00:00,1474,24.1,65,19.12,53,,,,
2024-11-13T14:28:21+00:00,1475,24.1,65,19.12,53,,,,
2024-11-13T14:28:38+00:00,1476,24.1,66,19.12,52,,,,
2024-11-13T14:28:55+00:00,1477,24.4,64,19.12,52,,,,
2024-11-13T14:29:11+00:00,1478,24.5,65,19.12,53,,,,
2024-11-13T14:29:28+00:00,1479,24.5,64,19.12,52,,,,
2024-11-13T14:29:45+00:00,1480,24.5,64,19.06,53,,,,
2024-11-13T14:30:01+00:00,1481,24.5,64,19.06,52,,,,
2024-11-13T14:30:18+00:00,1482,24.5,63,19.06,52,,,,
2024-11-13T14:30:34+00:00,1483,24.5,63,19.12,52,,,,
2024-11-13T14:30:50+00:00,1484,24.5,63,19.06,52,,,,
2024-11-13T14:31:08+00:00,1485,24.5,63,19.06,52,,,,
2024-11-13T14:31:24+00:00,1486,24.5,64,19.12,52,,,,
2024-11-13T14:31:41+00:00,1487,24.5,64,19.12,52,,,,
2024-11-13T14:31:58+00:00,1488,24.5,64,19.06,52,,,,
2024-11-13T14:32:14+00:00,1489,24.5,64,19.06,52,,,,
2024-11-13T14:32:31+00:00,1490,24.5,63,19.06,52,,,,
2024-11-13T14:32:48+00:00,1491,24.5,63,19,52,,,,
2024-11-13T14:33:05+00:00,1492,24.5,63,19.06,52,,,,
2024-11-13T14:37:12+00:00,1493,24.5,63,19.06,51,,,,
2024-11-13T14:37:28+00:00,1494,24.5,63,19.12,51,,,,
2024-11-13T14:37:45+00:00,1495,24.5,63,19.06,51,,,,
2024-11-13T14:38:01+00:00,1496,24.5,63,19.12,51,,,,
2024-11-13T14:38:18+00:00,1497,24.5,63,19.12,51,,,,
2024-11-13T14:38:34+00:00,1498,24.5,63,19.12,51,,,,
2024-11-13T14:38:51+00:00,1499,24.5,62,19.12,51,,,,
2024-11-13T14:39:07+00:00,1500,24.6,62,19.12,50,,,,
2024-11-13T14:39:24+00:00,1501,24.8,63,19.12,51,,,,
2024-11-13T14:39:40+00:00,1502,24.8,63,19.12,51,,,,
2024-11-13T14:39:56+00:00,1503,24.8,63,19.19,50,,,,
2024-11-13T14:40:13+00:00,1504,24.8,63,19.12,50,,,,
2024-11-13T14:40:29+00:00,1505,24.8,63,19.19,51,,,,
2024-11-13T14:40:46+00:00,1506,24.8,62,19.19,50,,,,
2024-11-13T14:41:02+00:00,1507,24.8,62,19.12,50,,,,
2024-11-13T14:41:19+00:00,1508,24.8,62,19.12,50,,,,
2024-11-13T14:41:35+00:00,1509,24.8,62,19.19,50,,,,
2024-11-13T14:41:52+00:00,1510,24.8,62,19.12,50,,,,
2024-11-13T14:42:09+00:00,1511,24.8,61,19.19,50,,,,
2024-11-13T14:42:25+00:00,1512,24.8,62,19.12,50,,,,
2024-11-13T14:42:43+00:00,1513,24.8,62,19.19,50,,,,
2024-11-13T14:43:00+00:00,1514,24.8,62,19.19,50,,,,
2024-11-13T14:43:17+00:00,1515,24.8,62,19.19,50,,,,
2024-11-13T14:43:33+00:00,1516,24.8,63,19.19,50,,,,
2024-11-13T14:43:49+00:00,1517,24.8,63,19.19,50,,,,
2024-11-13T14:44:06+00:00,1518,24.8,63,19.19,50,,,,
2024-11-13T14:44:22+00:00,1519,25.2,62,19.19,50,,,,
2024-11-13T14:44:39+00:00,1520,25.3,63,19.25,50,,,,
2024-11-13T14:44:56+00:00,1521,25.3,63,19.25,50,,,,
2024-11-13T14:45:13+00:00,1522,25.3,63,19.25,50,,,,
2024-11-13T14:45:34+00:00,1523,25.3,63,19.25,50,,,,
2024-11-13T14:45:50+00:00,1524,25.3,63,19.25,50,,,,
2024-11-13T14:49:57+00:00,1525,25.3,61,19.37,50,,,,
2024-11-13T14:50:15+00:00,1526,25.3,61,19.37,50,,,,
2024-11-13T14:50:31+00:00,1527,25.3,61,19.37,50,,,,
2024-11-14T15:37:43+00:00,1528,23,73,19.81,29,,,,
2024-11-14T15:38:01+00:00,1529,23.4,73,19.69,30,,,,
2024-11-14T15:38:17+00:00,1530,23.4,73,19.56,30,,,,
2024-11-14T15:38:34+00:00,1531,23.4,73,19.5,31,,,,
2024-11-14T15:38:50+00:00,1532,23.4,73,19.5,31,,,,
2024-11-14T15:39:07+00:00,1533,23.4,73,19.37,31,,,,
2024-11-14T15:39:23+00:00,1534,23.4,73,19.31,30,,,,
2024-11-14T15:39:40+00:00,1535,23.4,73,19.25,31,,,,
2024-11-14T15:39:56+00:00,1536,23.8,73,19.25,32,,,,
2024-11-14T15:40:13+00:00,1537,23.8,73,19.19,33,,,,
2024-11-14T15:40:33+00:00,1538,23.8,72,19.12,33,,,,
2024-11-14T15:40:50+00:00,1539,23.8,71,19.06,33,,,,
2024-11-14T15:41:07+00:00,1540,23.8,71,19,34,,,,
2024-11-14T15:41:23+00:00,1541,23.8,71,19,35,,,,
2024-11-14T15:41:40+00:00,1542,23.8,71,18.94,35,,,,
2024-11-14T15:41:56+00:00,1543,23.8,71,18.94,35,,,,
2024-11-14T15:42:13+00:00,1544,23.8,71,18.87,36,,,,
2024-11-14T15:42:29+00:00,1545,23.8,71,18.94,36,,,,
2024-11-14T15:42:45+00:00,1546,24.1,72,18.87,37,,,,
2024-11-14T15:43:02+00:00,1547,24.1,72,18.81,37,,,,
2024-11-14T15:43:18+00:00,1548,24.1,71,18.87,38,,,,
2024-11-14T15:43:35+00:00,1549,24.1,71,18.87,38,,,,
2024-11-14T15:43:51+00:00,1550,24.1,71,18.81,38,,,,
2024-11-14T15:44:08+00:00,1551,24.1,71,18.87,39,,,,
2024-11-14T15:44:26+00:00,1552,24.1,71,18.81,39,,,,
2024-11-14T15:44:43+00:00,1553,24.1,71,18.81,39,,,,
2024-11-14T15:45:00+00:00,1554,24.1,71,18.81,40,,,,
2024-11-14T15:45:21+00:00,1555,24.1,71,18.81,40,,,,
2024-11-14T15:45:37+00:00,1556,24.5,71,18.81,40,,,,
2024-11-14T15:45:54+00:00,1557,24.5,71,18.81,41,,,,
2024-11-14T15:46:11+00:00,1558,24.5,71,18.81,41,,,,
2024-11-14T15:46:28+00:00,1559,24.5,71,18.81,41,,,,
2024-11-14T15:46:45+00:00,1560,24.5,71,18.81,41,,,,
2024-11-14T15:47:02+00:00,1561,24.5,70,18.75,41,,,,
2024-11-14T15:47:20+00:00,1562,24.5,70,18.81,42,,,,
2024-11-14T15:47:36+00:00,1563,24.5,70,18.81,42,,,,
2024-11-14T15:47:57+00:00,1564,24.5,70,18.81,42,,,,
2024-11-14T15:48:14+00:00,1565,24.5,69,18.81,42,,,,
2024-11-14T15:48:30+00:00,1566,24.5,69,18.87,43,,,,
2024-11-14T15:48:47+00:00,1567,24.5,68,18.81,43,,,,
2024-11-14T15:49:04+00:00,1568,24.5,68,18.81,43,,,,
2024-11-14T15:49:21+00:00,1569,24.5,68,18.81,43,,,,
2024-11-14T15:49:38+00:00,1570,24.5,68,18.75,43,,,,
2024-11-14T15:49:55+00:00,1571,24.5,68,18.81,43,,,,
2024-11-14T15:50:12+00:00,1572,24.5,68,18.75,43,,,,
2024-11-14T15:50:29+00:00,1573,24.5,69,18.75,43,,,,
2024-11-14T15:50:46+00:00,1574,24.8,69,18.75,43,,,,
2024-11-14T15:51:03+00:00,1575,24.8,69,18.75,43,,,,
2024-11-14T15:51:21+00:00,1576,24.8,68,18.75,43,,,,
2024-11-14T15:51:37+00:00,1577,24.8,68,18.75,44,,,,
2024-11-14T15:51:54+00:00,1578,24.8,68,18.81,44,,,,
2024-11-14T15:52:10+00:00,1579,24.8,68,18.75,44,,,,
2024-11-14T15:52:27+00:00,1580,24.8,68,18.75,44,,,,
2024-11-14T15:52:44+00:00,1581,24.8,68,18.75,44,,,,
2024-11-14T15:53:01+00:00,1582,24.8,68,18.75,44,,,,
2024-11-14T15:53:18+00:00,1583,24.8,68,18.75,44,,,,
2024-11-14T15:53:35+00:00,1584,24.8,68,18.81,44,,,,
2024-11-14T15:53:51+00:00,1585,24.8,68,18.81,44,,,,
2024-11-14T15:54:08+00:00,1586,24.8,68,18.75,44,,,,
2024-11-14T15:54:24+00:00,1587,24.8,67,18.75,44,,,,
2024-11-14T15:54:41+00:00,1588,24.8,67,18.75,44,,,,
2024-11-14T15:54:57+00:00,1589,25.3,67,18.81,44,,,,
2024-11-14T15:55:14+00:00,1590,25.3,67,18.81,44,,,,
2024-11-14T15:55:30+00:00,1591,25.3,67,18.75,44,,,,
2024-11-14T15:55:47+00:00,1592,25.3,67,18.81,44,,,,
2024-11-14T15:56:04+00:00,1593,25.3,67,18.81,44,,,,
2024-11-14T15:56:20+00:00,1594,25.3,66,18.81,45,,,,
2024-11-14T15:56:37+00:00,1595,25.3,66,18.81,44,,,,
2024-11-14T15:56:54+00:00,1596,25.3,65,18.81,44,,,,
2024-11-14T15:57:11+00:00,1597,25.3,65,18.81,45,,,,
2024-11-14T15:57:28+00:00,1598,25.3,65,18.81,45,,,,
2024-11-14T15:57:50+00:00,1599,25.3,65,18.81,45,,,,
2024-11-14T15:58:09+00:00,1600,25.3,65,18.81,45,,,,
2024-11-14T15:58:31+00:00,1601,25.3,65,18.81,45,,,,
2024-11-14T15:58:48+00:00,1602,25.3,65,18.87,45,,,,
2024-11-14T15:59:06+00:00,1603,25.3,65,18.87,45,,,,
2024-11-14T15:59:23+00:00,1604,25.3,65,18.87,45,,,,
2024-11-14T15:59:40+00:00,1605,25.3,65,18.87,45,,,,
2024-11-14T15:59:58+00:00,1606,25.3,64,18.87,45,,,,
2024-11-14T16:00:14+00:00,1607,25.3,64,18.87,45,,,,
2024-11-14T16:00:31+00:00,1608,25.3,64,18.87,45,,,,
2024-11-14T16:00:47+00:00,1609,25.3,64,18.87,45,,,,
2024-11-14T16:01:04+00:00,1610,25.3,65,18.87,45,,,,
2024-11-14T16:01:22+00:00,1611,25.3,65,18.87,46,,,,
2024-11-14T16:01:39+00:00,1612,25.3,64,18.87,46,,,,
2024-11-14T16:01:56+00:00,1613,25.3,64,19.12,0,,,,
2024-11-14T16:02:15+00:00,1614,25.5,64,19.25,34,,,,
2024-11-14T16:02:35+00:00,1615,25.3,64,19.25,34,,,,
2024-11-14T16:02:53+00:00,1616,25.8,64,19.25,34,,,,
2024-11-14T16:06:33+00:00,1617,26.2,65,19.31,35,,,,
2024-11-14T16:11:15+00:00,1618,26.7,61,19.37,35,,,,
2024-11-14T16:11:31+00:00,1619,26.7,61,19.44,35,,,,
2024-11-14T16:11:49+00:00,1620,26.7,61,19.37,35,,,,
2024-11-14T16:12:05+00:00,1621,26.7,61,19.44,35,,,,
2024-11-14T16:12:22+00:00,1622,26.7,60,19.44,35,,,,
2024-11-14T16:12:39+00:00,1623,26.7,59,19.5,17,,,,
2024-11-14T16:12:55+00:00,1624,26.7,60,19.44,10,,,,
2024-11-14T16:13:12+00:00,1625,26.7,60,19.44,11,,,,
2024-11-14T16:13:30+00:00,1626,26.7,61,19.44,10,,,,
2024-11-14T16:13:48+00:00,1627,26.7,61,19.44,11,,,,
2024-11-14T16:14:04+00:00,1628,26.7,61,19.44,10,,,,
2024-11-14T16:18:07+00:00,1629,26.7,57,19.37,8,,,,
2024-11-14T16:22:37+00:00,1630,26.7,58,19.31,6,,,,
2024-11-14T16:27:19+00:00,1631,27.1,58,19.44,5,,,,
2024-11-14T16:27:36+00:00,1632,27.1,58,19.44,5,,,,
2024-11-14T16:27:53+00:00,1633,27.1,58,19.44,5,,,,
2024-11-14T16:28:09+00:00,1634,27.1,58,19.5,5,,,,
2024-11-14T16:28:26+00:00,1635,27.1,58,19.56,5,,,,
2024-11-14T16:28:44+00:00,1636,27.1,59,19.5,4,,,,
2024-11-14T16:29:01+00:00,1637,27.1,59,19.5,5,,,,
2024-11-14T16:29:18+00:00,1638,27.1,59,19.56,5,,,,
2024-11-14T16:29:35+00:00,1639,27.1,58,19.56,4,,,,
2024-11-14T16:29:51+00:00,1640,27.1,58,19.56,4,,,,
2024-11-14T16:30:08+00:00,1641,27.5,58,19.56,4,,,,
2024-11-14T16:30:26+00:00,1642,27.6,58,19.56,4,,,,
2024-11-14T16:30:44+00:00,1643,27.6,57,19.56,4,,,,
2024-11-14T16:31:00+00:00,1644,27.6,57,19.56,4,,,,
2024-11-14T16:31:17+00:00,1645,27.6,58,19.56,4,,,,
2024-11-14T16:31:34+00:00,1646,27.6,58,19.56,4,,,,
2024-11-14T16:31:50+00:00,1647,27.6,57,19.56,4,,,,
2024-11-14T16:32:06+00:00,1648,27.6,57,19.56,4,,,,
2024-11-14T16:32:23+00:00,1649,27.6,57,19.56,4,,,,
2024-11-14T16:36:11+00:00,1650,27.6,57,19.56,3,,,,
2024-11-14T16:36:30+00:00,1651,27.6,57,19.56,3,,,,
2024-11-14T16:36:47+00:00,1652,27.6,57,19.62,3,,,,
2024-11-14T16:40:47+00:00,1653,27.6,57,19.69,3,,,,
2024-11-14T16:41:04+00:00,1654,28,55,19.75,3,,,,
2024-11-14T16:41:21+00:00,1655,28,55,19.75,2,,,,
2024-11-14T16:41:38+00:00,1656,28,55,19.75,2,,,,
2024-11-14T16:41:59+00:00,1657,28,55,19.75,3,,,,
2024-11-14T16:42:15+00:00,1658,28,55,19.81,2,,,,
2024-11-14T16:42:32+00:00,1659,28,55,19.81,2,,,,
2024-11-14T16:42:49+00:00,1660,28,55,19.81,2,,,,
2024-11-14T16:43:06+00:00,1661,28,55,19.81,2,,,,
2024-11-14T16:43:23+00:00,1662,28,55,19.87,2,,,,
2024-11-14T16:43:39+00:00,1663,28,56,19.87,2,,,,
2024-11-14T16:43:56+00:00,1664,28,55,19.87,2,,,,
2024-11-14T16:44:13+00:00,1665,28,55,19.87,2,,,,
2024-11-14T16:44:29+00:00,1666,28,55,19.94,2,,,,
2024-11-14T16:44:46+00:00,1667,28,55,19.87,2,,,,
2024-11-14T16:45:03+00:00,1668,28,55,19.94,2,,,,
2024-11-14T16:45:21+00:00,1669,28,55,19.94,2,,,,
2024-11-14T16:45:38+00:00,1670,28,55,19.94,2,,,,
2024-11-14T16:45:54+00:00,1671,28,55,20,2,,,,
2024-11-14T16:46:10+00:00,1672,28,55,19.94,1,,,,
2024-11-14T16:46:28+00:00,1673,28.4,55,20,2,,,,
2024-11-14T16:46:44+00:00,1674,28.5,55,20,2,,,,
2024-11-14T16:47:01+00:00,1675,28.5,54,19.94,1,,,,
2024-11-14T16:47:17+00:00,1676,28.5,54,20,2,,,,
2024-11-14T16:47:35+00:00,1677,28.5,54,20,1,,,,
2024-11-14T16:47:52+00:00,1678,28.5,54,20.06,1,,,,
2024-11-14T16:48:09+00:00,1679,28.5,54,20,1,,,,
2024-11-15T15:41:06+00:00,1680,24.8,69,22.75,0,,,,
2024-11-15T15:41:22+00:00,1681,24.8,69,23.19,0,,,,
2024-11-15T15:41:39+00:00,1682,24.8,69,22.81,3,,,,
2024-11-15T15:41:56+00:00,1683,24.8,69,21.19,7,,,,
2024-11-15T15:42:12+00:00,1684,24.8,69,20.88,10,,,,
2024-11-15T15:42:29+00:00,1685,24.8,69,20.75,10,,,,
2024-11-15T15:42:45+00:00,1686,25.3,69,20.62,10,,,,
2024-11-15T15:43:02+00:00,1687,25.3,69,20.5,10,,,,
2024-11-15T15:43:18+00:00,1688,25.3,69,20.5,11,,,,
2024-11-15T15:43:35+00:00,1689,25.3,68,20.44,12,,,,
2024-11-15T15:43:53+00:00,1690,25.3,68,20.37,12,,,,
2024-11-15T15:44:10+00:00,1691,25.3,68,20.37,12,,,,
2024-11-15T15:44:28+00:00,1692,25.3,68,20.31,12,,,,
2024-11-15T15:44:44+00:00,1693,25.8,68,20.25,12,,,,
2024-11-15T15:45:01+00:00,1694,25.8,68,20.25,12,,,,
2024-11-15T15:45:17+00:00,1695,25.8,68,20.25,12,,,,
2024-11-15T15:45:34+00:00,1696,25.8,68,20.19,12,,,,
2024-11-15T15:45:50+00:00,1697,25.8,68,20.19,12,,,,
2024-11-15T15:46:07+00:00,1698,25.8,68,20.19,13,,,,
2024-11-15T15:46:23+00:00,1699,26.2,68,20.12,13,,,,
2024-11-15T15:46:40+00:00,1700,26.2,68,20.12,13,,,,
2024-11-15T15:46:56+00:00,1701,26.2,68,20.12,13,,,,
2024-11-15T15:47:13+00:00,1702,26.2,68,20.12,13,,,,
2024-11-15T15:47:30+00:00,1703,26.2,67,20.12,13,,,,
2024-11-15T15:47:47+00:00,1704,26.2,66,20.12,13,,,,
2024-11-15T15:48:03+00:00,1705,26.2,65,20.12,13,,,,
2024-11-15T15:48:20+00:00,1706,26.3,64,20.12,13,,,,
2024-11-15T15:48:36+00:00,1707,26.7,65,20.12,13,,,,
2024-11-15T15:48:53+00:00,1708,26.7,66,20.12,13,,,,
2024-11-15T15:49:09+00:00,1709,26.7,65,20.12,13,,,,
2024-11-15T15:49:26+00:00,1710,26.7,64,20.12,13,,,,
2024-11-15T15:49:42+00:00,1711,26.7,64,20.06,13,,,,
2024-11-15T15:49:59+00:00,1712,26.7,64,20.06,13,,,,
2024-11-15T15:50:15+00:00,1713,26.7,64,20.06,13,,,,
2024-11-15T15:50:32+00:00,1714,26.7,64,20.06,13,,,,
2024-11-15T15:50:49+00:00,1715,26.7,63,20.06,13,,,,
2024-11-15T15:51:06+00:00,1716,26.7,63,20.06,13,,,,
2024-11-15T15:51:22+00:00,1717,26.7,63,20.06,13,,,,
2024-11-15T15:51:39+00:00,1718,26.7,62,20.06,14,,,,
2024-11-15T15:51:56+00:00,1719,26.7,62,20.06,14,,,,
2024-11-15T15:52:14+00:00,1720,26.7,61,20.06,14,,,,
2024-11-15T15:52:31+00:00,1721,26.7,60,20.06,14,,,,
2024-11-15T15:52:48+00:00,1722,26.7,61,20.06,14,,,,
2024-11-15T15:53:05+00:00,1723,27.1,61,20.06,14,,,,
2024-11-15T15:53:21+00:00,1724,27.1,61,20.06,14,,,,
2024-11-15T15:53:37+00:00,1725,27.1,61,20.06,14,,,,
2024-11-15T15:53:54+00:00,1726,27.1,62,20.06,14,,,,
2024-11-15T15:54:12+00:00,1727,27.1,62,20.06,15,,,,
2024-11-15T15:54:28+00:00,1728,27.1,63,20,14,,,,
2024-11-15T15:54:46+00:00,1729,27.1,63,20.06,15,,,,
2024-11-15T15:55:03+00:00,1730,27.1,63,20.06,15,,,,
2024-11-15T15:55:20+00:00,1731,27.1,63,20.12,14,,,,
2024-11-15T15:55:37+00:00,1732,27.1,63,20.12,15,,,,
2024-11-15T15:55:54+00:00,1733,27.1,62,20.06,15,,,,
2024-11-15T15:56:11+00:00,1734,27.1,62,20.12,15,,,,
2024-11-15T15:56:27+00:00,1735,27.2,62,20.06,15,,,,
2024-11-15T15:56:44+00:00,1736,27.6,62,20.12,19,,,,
2024-11-15T15:57:00+00:00,1737,27.6,61,20.12,45,,,,
2024-11-15T15:57:16+00:00,1738,27.6,62,20.12,33,,,,
2024-11-15T15:57:33+00:00,1739,27.6,61,20.12,26,,,,
2024-11-15T15:57:51+00:00,1740,27.6,61,20.19,26,,,,
2024-11-15T15:58:09+00:00,1741,27.6,62,20.12,25,,,,
2024-11-15T15:58:25+00:00,1742,27.6,62,20.12,26,,,,
2024-11-15T15:58:42+00:00,1743,27.6,62,20.19,25,,,,
2024-11-15T15:58:58+00:00,1744,27.6,62,20.19,25,,,,
2024-11-15T15:59:15+00:00,1745,27.6,62,20.19,25,,,,
2024-11-15T15:59:32+00:00,1746,27.6,62,20.12,25,,,,
2024-11-15T15:59:48+00:00,1747,27.6,62,20.19,26,,,,
2024-11-15T16:00:05+00:00,1748,28,61,20.19,26,,,,
2024-11-15T16:00:22+00:00,1749,28,61,20.25,26,,,,
2024-11-15T16:00:38+00:00,1750,28,62,20.19,27,,,,
2024-11-15T16:00:55+00:00,1751,28,61,20.19,27,,,,
2024-11-15T16:01:11+00:00,1752,28,61,20.19,27,,,,
2024-11-15T16:01:28+00:00,1753,28,61,20.12,28,,,,
2024-11-15T16:01:44+00:00,1754,28,61,20.25,28,,,,
2024-11-15T16:02:02+00:00,1755,28,61,20.19,28,,,,
2024-11-15T16:02:18+00:00,1756,28,61,20.19,29,,,,
2024-11-15T16:02:35+00:00,1757,28,60,20.19,30,,,,
2024-11-15T16:02:51+00:00,1758,28.5,60,20.25,30,,,,
2024-11-15T16:06:56+00:00,1759,28.5,59,20.25,31,,,,
2024-11-15T16:07:12+00:00,1760,28.5,59,20.25,31,,,,
2024-11-15T16:07:29+00:00,1761,28.5,59,20.31,31,,,,
2024-11-15T16:07:46+00:00,1762,28.5,59,20.25,31,,,,
2024-11-15T16:08:03+00:00,1763,28.5,59,20.31,30,,,,
2024-11-15T16:08:20+00:00,1764,28.5,59,20.31,30,,,,
2024-11-15T16:08:37+00:00,1765,28.5,59,20.31,30,,,,
2024-11-15T16:08:53+00:00,1766,28.5,59,20.31,31,,,,
2024-11-15T16:09:10+00:00,1767,28.5,59,20.25,31,,,,
2024-11-15T16:09:27+00:00,1768,28.5,59,20.31,30,,,,
2024-11-15T16:09:44+00:00,1769,28.5,59,20.25,31,,,,
2024-11-15T16:10:00+00:00,1770,28.9,59,20.31,31,,,,
2024-11-15T16:10:17+00:00,1771,28.9,59,20.31,31,,,,
2024-11-15T16:14:58+00:00,1772,28.9,61,20.88,7,,,,
2024-11-15T16:16:45+00:00,1773,29.3,62,21,5,,,,
2024-11-15T16:17:02+00:00,1774,29.3,62,20.94,5,,,,
2024-11-15T16:17:19+00:00,1775,29.3,61,20.94,5,,,,
2024-11-15T16:17:36+00:00,1776,29.3,61,21,4,,,,
2024-11-15T16:17:53+00:00,1777,29.3,60,21,4,,,,
2024-11-15T16:18:10+00:00,1778,29.3,58,21,4,,,,
2024-11-15T16:18:47+00:00,1779,29.3,58,21,4,,,,
2024-11-15T16:19:44+00:00,1780,29.3,59,21,4,,,,
2024-11-15T16:20:00+00:00,1781,29.3,58,21.06,3,,,,
2024-11-15T16:20:17+00:00,1782,29.3,58,21,3,,,,
2024-11-15T16:24:18+00:00,1783,29.3,57,21.19,1,,,,
2024-11-15T16:24:34+00:00,1784,29.3,56,21.19,2,,,,
2024-11-15T16:24:51+00:00,1785,29.3,55,21.19,1,,,,
2024-11-15T16:25:07+00:00,1786,29.3,54,21.19,1,,,,
2024-11-15T16:28:55+00:00,1787,28.9,53,21.19,1,,,,
2024-11-15T16:29:12+00:00,1788,28.9,54,21.25,1,,,,
2024-11-15T16:29:28+00:00,1789,28.9,53,21.25,1,,,,
2024-11-15T16:29:45+00:00,1790,28.9,53,21.25,1,,,,
2024-11-15T16:30:01+00:00,1791,28.9,54,21.25,1,,,,
2024-11-15T16:30:18+00:00,1792,28.9,54,21.25,1,,,,
2024-11-15T16:30:35+00:00,1793,28.9,53,21.25,1,,,,
2024-11-15T16:30:52+00:00,1794,28.9,53,21.31,1,,,,
2024-11-15T16:31:09+00:00,1795,28.9,53,21.25,1,,,,
2024-11-15T16:32:26+00:00,1796,28.9,53,21.25,1,,,,
2024-11-15T16:32:42+00:00,1797,28.9,53,21.19,1,,,,
2024-11-15T16:32:59+00:00,1798,28.9,53,21.19,0,,,,
2024-11-15T16:33:16+00:00,1799,28.9,53,21.25,1,,,,
2024-11-15T16:33:32+00:00,1800,28.9,53,21.25,0,,,,
2024-11-15T16:33:49+00:00,1801,28.9,53,21.25,1,,,,
2024-11-15T16:34:06+00:00,1802,28.9,53,21.25,1,,,,
2024-11-15T16:34:22+00:00,1803,28.9,53,21.25,1,,,,
2024-11-15T16:34:39+00:00,1804,28.9,53,21.25,0,,,,
2024-11-15T16:34:55+00:00,1805,28.9,52,21.25,1,,,,
2024-11-15T16:35:12+00:00,1806,28.9,53,21.25,1,,,,
2024-11-15T16:35:29+00:00,1807,28.9,53,21.19,1,,,,
2024-11-15T16:35:45+00:00,1808,28.9,53,21.19,1,,,,
2024-11-15T16:36:02+00:00,1809,28.9,53,21.25,1,,,,
2024-11-15T16:36:18+00:00,1810,28.9,53,21.25,2,,,,
2024-11-15T16:36:34+00:00,1811,28.9,53,21.25,1,,,,
2024-11-15T16:36:51+00:00,1812,28.9,53,21.25,1,,,,
2024-11-15T16:37:08+00:00,1813,28.9,53,21.25,1,,,,
2024-11-15T16:37:24+00:00,1814,28.9,53,21.25,1,,,,
2024-11-15T16:37:41+00:00,1815,28.9,53,21.25,1,,,,
2024-11-15T16:37:58+00:00,1816,28.9,52,21.31,0,,,,
2024-11-15T16:38:14+00:00,1817,28.9,52,21.31,1,,,,
2024-11-15T16:38:31+00:00,1818,28.9,53,21.31,1,,,,
2024-11-15T16:38:48+00:00,1819,28.9,53,21.31,1,,,,
2024-11-15T16:39:10+00:00,1820,28.9,53,21.31,1,,,,
2024-11-15T16:39:26+00:00,1821,28.9,53,21.31,1,,,,
2024-11-15T16:39:43+00:00,1822,28.9,53,21.31,1,,,,
2024-11-15T16:40:00+00:00,1823,28.9,53,21.31,0,,,,
2024-11-15T16:40:16+00:00,1824,28.9,53,21.37,1,,,,
2024-11-15T16:40:33+00:00,1825,28.9,53,21.31,1,,,,
2024-11-15T16:40:50+00:00,1826,28.9,53,21.31,1,,,,
2024-11-15T16:41:06+00:00,1827,28.9,53,21.37,1,,,,
2024-11-15T16:41:23+00:00,1828,28.9,53,21.37,1,,,,
2024-11-15T16:41:39+00:00,1829,28.9,53,21.37,1,,,,
2024-11-15T16:41:57+00:00,1830,28.9,52,21.31,1,,,,
2024-11-15T16:42:13+00:00,1831,28.9,52,21.31,1,,,,
2024-11-15T16:42:30+00:00,1832,28.9,52,21.31,1,,,,
2024-11-15T16:42:47+00:00,1833,28.9,52,21.37,1,,,,
2024-11-15T16:43:04+00:00,1834,28.9,52,21.37,1,,,,
2024-11-15T16:43:21+00:00,1835,28.9,52,21.37,1,,,,
2024-11-15T16:43:38+00:00,1836,28.9,52,21.31,1,,,,
2024-11-15T16:44:14+00:00,1837,28.9,52,21.37,1,,,,
2024-11-15T16:44:32+00:00,1838,28.9,53,21.37,1,,,,
2024-11-15T16:44:49+00:00,1839,28.9,52,21.31,1,,,,
2024-11-15T16:45:05+00:00,1840,28.9,52,21.31,1,,,,
2024-11-15T16:45:22+00:00,1841,28.9,52,21.37,1,,,,
2024-11-15T16:45:39+00:00,1842,28.9,52,21.37,0,,,,
2024-11-15T16:45:56+00:00,1843,28.9,52,21.37,1,,,,
2024-11-15T16:46:13+00:00,1844,28.9,52,21.37,1,,,,
2024-11-15T16:46:30+00:00,1845,28.9,52,21.37,1,,,,
2024-11-15T16:46:47+00:00,1846,28.9,52,21.37,1,,,,
2024-11-15T16:47:03+00:00,1847,28.9,52,21.44,1,,,,
2024-11-15T16:47:20+00:00,1848,28.9,52,21.44,1,,,,
2024-11-15T16:47:57+00:00,1849,28.9,52,21.44,1,,,,
2024-11-15T16:48:13+00:00,1850,28.9,52,21.44,1,,,,
2024-11-15T16:48:31+00:00,1851,28.9,52,21.44,0,,,,
2024-11-15T16:48:47+00:00,1852,28.9,52,21.44,1,,,,
2024-11-15T16:49:05+00:00,1853,28.9,52,21.44,0,,,,
2024-11-15T16:49:21+00:00,1854,28.9,52,21.37,6,,,,
2024-11-15T16:49:38+00:00,1855,28.9,52,21.44,0,,,,
2024-11-15T16:52:32+00:00,1856,28.9,52,21.44,0,,,,
2024-11-15T16:52:48+00:00,1857,28.9,52,21.44,0,,,,
2024-11-15T16:53:05+00:00,1858,28.9,52,21.44,0,,,,
2024-11-15T16:53:22+00:00,1859,28.9,52,21.44,0,,,,
2024-11-15T16:53:40+00:00,1860,28.9,52,21.44,0,,,,
2024-11-15T16:53:56+00:00,1861,28.9,52,21.44,0,,,,
2024-11-15T16:54:13+00:00,1862,29.2,52,21.44,0,,,,
2024-11-15T16:54:29+00:00,1863,29.3,52,21.44,0,,,,
